dogBreed,dogBreedLabel,image
http://www.wikidata.org/entity/Q16679215,Q16679215,http://commons.wikimedia.org/wiki/Special:FilePath/Kurzhaardackel.jpg
http://www.wikidata.org/entity/Q4354190,Q4354190,http://commons.wikimedia.org/wiki/Special:FilePath/Perro-pila-pilichy.jpg
http://www.wikidata.org/entity/Q48803479,Q48803479,http://commons.wikimedia.org/wiki/Special:FilePath/Lo%20Spinotto.jpg
http://www.wikidata.org/entity/Q5766204,Q5766204,http://commons.wikimedia.org/wiki/Special:FilePath/Chihuahua1%20bvdb.jpg
http://www.wikidata.org/entity/Q1318864,Kuhhund,http://commons.wikimedia.org/wiki/Special:FilePath/Westerwaelder.Kuhhuendin.jpg
http://www.wikidata.org/entity/Q123786355,Wälderdackel,http://commons.wikimedia.org/wiki/Special:FilePath/W%C3%A4lderdackel%20oder%20Schwarzw%C3%A4lder%20Bracke.jpg
http://www.wikidata.org/entity/Q1806071,Abyssinian Sand Terrier,http://commons.wikimedia.org/wiki/Special:FilePath/Africanhairless.jpg
http://www.wikidata.org/entity/Q516648,Afghan mastiff,http://commons.wikimedia.org/wiki/Special:FilePath/Afghan%20mastiff.jpg
http://www.wikidata.org/entity/Q38175,Akbash,http://commons.wikimedia.org/wiki/Special:FilePath/Akbash%20Dog%20in%20CA.jpg
http://www.wikidata.org/entity/Q38175,Akbash,http://commons.wikimedia.org/wiki/Special:FilePath/Akbash%20Dog%20male%202016.jpg
http://www.wikidata.org/entity/Q16245559,Aksaray Malaklisi dog,http://commons.wikimedia.org/wiki/Special:FilePath/Aksaray%20malaklisinin%20malaklari.jpg
http://www.wikidata.org/entity/Q38145,American Alsatian,http://commons.wikimedia.org/wiki/Special:FilePath/AlsatianShepalute.jpg
http://www.wikidata.org/entity/Q15263587,American Blue Gascon Hound,http://commons.wikimedia.org/wiki/Special:FilePath/American%20Blue%20Gascon%20Hound.webp
http://www.wikidata.org/entity/Q465537,American Leopard Hound,http://commons.wikimedia.org/wiki/Special:FilePath/Lep2.jpg
http://www.wikidata.org/entity/Q37473,American Staghound,http://commons.wikimedia.org/wiki/Special:FilePath/Staghound.jpg
http://www.wikidata.org/entity/Q38134,Antebellum Bulldog,http://commons.wikimedia.org/wiki/Special:FilePath/Antebellum%20Bulldog%20Puppies.jpg
http://www.wikidata.org/entity/Q37664,Ariege Pointer,http://commons.wikimedia.org/wiki/Special:FilePath/Pointer%20of%20Ariege%20from%201915.JPG
http://www.wikidata.org/entity/Q37872,Armant dog,http://commons.wikimedia.org/wiki/Special:FilePath/Armant%20dog%2C%20with%20some%20orange%20stuff%20and%20trees%20in%20background.jpg
http://www.wikidata.org/entity/Q65229742,Australian Cobberdog,http://commons.wikimedia.org/wiki/Special:FilePath/Australian%20Cobberdog%20at%209%20Weeks.jpg
http://www.wikidata.org/entity/Q65229742,Australian Cobberdog,http://commons.wikimedia.org/wiki/Special:FilePath/Australian%20Cobberdog%20at%209%20Weeks%20Profile.jpg
http://www.wikidata.org/entity/Q12208606,Australian stock dog,http://commons.wikimedia.org/wiki/Special:FilePath/Hilu%20the%20Australian%20Kelpie%20dog.jpg
http://www.wikidata.org/entity/Q28495327,Auvergne Shepherd,http://commons.wikimedia.org/wiki/Special:FilePath/Chien%20de%20Berger%20Auvergne%201910.jpg
http://www.wikidata.org/entity/Q37653,Bakharwal Dog,http://commons.wikimedia.org/wiki/Special:FilePath/Bakarwal.jpg
http://www.wikidata.org/entity/Q37692,Barak hound,http://commons.wikimedia.org/wiki/Special:FilePath/BIR%20Grupp%206-%20BOSANSKI%20OSTRODLAKI%20GONIC-BARAK%2C%20Sandy%20%2823866392689%29.jpg
http://www.wikidata.org/entity/Q168788,Barbado da Terceira,http://commons.wikimedia.org/wiki/Special:FilePath/Barbado%20da%20Terceira%20%28male%29.JPG
http://www.wikidata.org/entity/Q37478,Beagle-Harrier,http://commons.wikimedia.org/wiki/Special:FilePath/Beagle%20harrier.JPG
http://www.wikidata.org/entity/Q11337107,Belgian Griffons,http://commons.wikimedia.org/wiki/Special:FilePath/Monkey%20Bizniz%20Drama%20Queen.jpg
http://www.wikidata.org/entity/Q1072469,Belgian Mastiff,http://commons.wikimedia.org/wiki/Special:FilePath/Belgian%20dogs%20trained%20to%20draw%20quick-firing%20guns.JPG
http://www.wikidata.org/entity/Q10428393,Berger de Crau,http://commons.wikimedia.org/wiki/Special:FilePath/Berger%20de%20crau.jpg
http://www.wikidata.org/entity/Q37637,Billy,http://commons.wikimedia.org/wiki/Special:FilePath/Billy%28dog%29.jpg
http://www.wikidata.org/entity/Q38556,Black Mouth Cur,http://commons.wikimedia.org/wiki/Special:FilePath/BlackMouthCurPortrait.jpg
http://www.wikidata.org/entity/Q38520,Black Slovakian Shepherd,http://commons.wikimedia.org/wiki/Special:FilePath/8s45heryprobaobraz%20018.jpg
http://www.wikidata.org/entity/Q37568,Bluetick Coonhound,http://commons.wikimedia.org/wiki/Special:FilePath/BluetickCoonhound.jpg
http://www.wikidata.org/entity/Q2446076,Boerenfox terrier,http://commons.wikimedia.org/wiki/Special:FilePath/Boerenfox.jpg
http://www.wikidata.org/entity/Q3270663,Bohemian Spotted Dog,http://commons.wikimedia.org/wiki/Special:FilePath/Bohemian%20Spotted%20Dog.jpg
http://www.wikidata.org/entity/Q891548,Bolonka Franzuska,http://commons.wikimedia.org/wiki/Special:FilePath/Bolonka-Franzuska2.jpg
http://www.wikidata.org/entity/Q14766993,Bone-mouth,http://commons.wikimedia.org/wiki/Special:FilePath/Shar-Pei%20bone%20mouth.JPG
http://www.wikidata.org/entity/Q11854538,Borneo dog,http://commons.wikimedia.org/wiki/Special:FilePath/Borneo%20dog.jpg
http://www.wikidata.org/entity/Q5732926,Boxador,http://commons.wikimedia.org/wiki/Special:FilePath/Boxador.jpg
http://www.wikidata.org/entity/Q56325365,Branchiero siciliano,http://commons.wikimedia.org/wiki/Special:FilePath/Branchiero%20Siciliano.jpg
http://www.wikidata.org/entity/Q37728,Braque Français,http://commons.wikimedia.org/wiki/Special:FilePath/Wy%C5%BCe%C5%82%20pirenejski%20308.jpg
http://www.wikidata.org/entity/Q37657,Braque Saint-Germain,http://commons.wikimedia.org/wiki/Special:FilePath/Braque%20saint-germain%20666.jpg
http://www.wikidata.org/entity/Q18464858,Brazilian Bull-mastiff,http://commons.wikimedia.org/wiki/Special:FilePath/Bull-mastif%20brasileiro%204.jpg
http://www.wikidata.org/entity/Q107303989,Buckhound,http://commons.wikimedia.org/wiki/Special:FilePath/William%20H%20Hopkins%20%28active%201853-1890-d.%201892%29%20-%20Her%20Majesty%27s%20Buckhounds%20with%20the%20Earl%20of%20Hardwicke%2C%20Huntsmen%20and%20Whips%20-%20RCIN%20407840%20-%20Royal%20Collection.jpg
http://www.wikidata.org/entity/Q1106478,Bull Arab,http://commons.wikimedia.org/wiki/Special:FilePath/Bull%20Arab%20%28dog%29.jpg
http://www.wikidata.org/entity/Q57305587,Bullbras,http://commons.wikimedia.org/wiki/Special:FilePath/Tupa%20do%20Canchin%2008.jpg
http://www.wikidata.org/entity/Q37680,Bully Kutta,http://commons.wikimedia.org/wiki/Special:FilePath/Bully%20kutta%20naulakhia.tif
http://www.wikidata.org/entity/Q37680,Bully Kutta,http://commons.wikimedia.org/wiki/Special:FilePath/PakistaniMastiffPunjab.jpg
http://www.wikidata.org/entity/Q38199,Burgos Retriever,http://commons.wikimedia.org/wiki/Special:FilePath/Burgos%20Pointer%20or%20Perdiguero%20de%20Burgos.JPG
http://www.wikidata.org/entity/Q113640408,Bắc Hà dog,http://commons.wikimedia.org/wiki/Special:FilePath/B%E1%BA%AFc%20H%C3%A0%20dog%20face.jpg
http://www.wikidata.org/entity/Q113640408,Bắc Hà dog,http://commons.wikimedia.org/wiki/Special:FilePath/B%E1%BA%AFc%20H%C3%A0%20dog%20side.jpg
http://www.wikidata.org/entity/Q59537,Ca Mè Mallorquí,http://commons.wikimedia.org/wiki/Special:FilePath/Ca%20m%C3%A8%20mallorqu%C3%AD%2003a.jpg
http://www.wikidata.org/entity/Q44116,Ca de Conills,http://commons.wikimedia.org/wiki/Special:FilePath/Ca%20de%20conills%20de%20Menorca%2001.jpg
http://www.wikidata.org/entity/Q57257840,Calupoh,http://commons.wikimedia.org/wiki/Special:FilePath/Movimiento%20Calupoh.jpg
http://www.wikidata.org/entity/Q3574099,Can de Chira,http://commons.wikimedia.org/wiki/Special:FilePath/Can%20de%20Chira.jpg
http://www.wikidata.org/entity/Q30898853,Cane Pecoraio Varbutu,http://commons.wikimedia.org/wiki/Special:FilePath/Cane%20pecoraio%20varbutu.jpg
http://www.wikidata.org/entity/Q5032220,Cane Toccatore,http://commons.wikimedia.org/wiki/Special:FilePath/Cane%20Paratore.jpg
http://www.wikidata.org/entity/Q29047,Cantabrian Water Dog,http://commons.wikimedia.org/wiki/Special:FilePath/Perro%20de%20Agua%20del%20Cant%C3%A1brico%20Macho%20Exposici%C3%B3n.jpg
http://www.wikidata.org/entity/Q29072,Cardigan Welsh Corgi,http://commons.wikimedia.org/wiki/Special:FilePath/Cardigan%20Welsh%20Corgi%20600.jpg
http://www.wikidata.org/entity/Q3556229,Celtic Hounds,http://commons.wikimedia.org/wiki/Special:FilePath/Bronzen%20beeldje%20hazewindhond%20ForumHadriani%20015501%20RMO%20Leiden%20bis..png
http://www.wikidata.org/entity/Q37666,Cesky Fousek,http://commons.wikimedia.org/wiki/Special:FilePath/Cesky%20Fousek%20Flickr.jpg
http://www.wikidata.org/entity/Q37666,Cesky Fousek,http://commons.wikimedia.org/wiki/Special:FilePath/Czeski%20fousek%20777.jpg
http://www.wikidata.org/entity/Q18418019,Chamuco,http://commons.wikimedia.org/wiki/Special:FilePath/Chamuco3.jpg
http://www.wikidata.org/entity/Q38468,Chien Français Blanc et Noir,http://commons.wikimedia.org/wiki/Special:FilePath/Fran%C3%A7ais%20noir%20et%20blanc.JPG
http://www.wikidata.org/entity/Q107337867,Chilean Dogo,http://commons.wikimedia.org/wiki/Special:FilePath/Dogo%20chileno.jpg
http://www.wikidata.org/entity/Q38563,Chilean Fox Terrier,http://commons.wikimedia.org/wiki/Special:FilePath/Chilean%20Fox%20Terrier.jpg
http://www.wikidata.org/entity/Q38563,Chilean Fox Terrier,http://commons.wikimedia.org/wiki/Special:FilePath/Fox%20terrier%20chileno.JPG
http://www.wikidata.org/entity/Q37667,Chippiparai,http://commons.wikimedia.org/wiki/Special:FilePath/Female%20Chippiparai%20sitting.jpg
http://www.wikidata.org/entity/Q60983318,Chuandong Hound,http://commons.wikimedia.org/wiki/Special:FilePath/Chuandong2.jpg
http://www.wikidata.org/entity/Q29028,Combai,http://commons.wikimedia.org/wiki/Special:FilePath/Kombai%20dog.jpg
http://www.wikidata.org/entity/Q38566,Cordoba Fighting Dog,http://commons.wikimedia.org/wiki/Special:FilePath/Cordoba%20profile.jpg
http://www.wikidata.org/entity/Q38074,Cretan Hound,http://commons.wikimedia.org/wiki/Special:FilePath/Kritikosichnilatis%201.jpg
http://www.wikidata.org/entity/Q37771,Cursinu,http://commons.wikimedia.org/wiki/Special:FilePath/Cursinu%201.jpg
http://www.wikidata.org/entity/Q326532,Cão de gado transmontano,http://commons.wikimedia.org/wiki/Special:FilePath/TRANSMONTANO.jpg
http://www.wikidata.org/entity/Q24702349,Dogo español,http://commons.wikimedia.org/wiki/Special:FilePath/Dogo%20Espa%C3%B1ol%20Arturo%20de%20los%20Tarantos.jpg
http://www.wikidata.org/entity/Q1780869,Dogue Brasileiro,http://commons.wikimedia.org/wiki/Special:FilePath/Dogue%20Brasileiro%20Orelha%20Cortada.jpg
http://www.wikidata.org/entity/Q1780869,Dogue Brasileiro,http://commons.wikimedia.org/wiki/Special:FilePath/Doguebrasileiro.jpg
http://www.wikidata.org/entity/Q12593214,Dong-gyeong,http://commons.wikimedia.org/wiki/Special:FilePath/White%20Donggyeongi%20%28Baekgu%29%2018%20September%202017.jpg
http://www.wikidata.org/entity/Q38008,Dutch Tulip Dog,http://commons.wikimedia.org/wiki/Special:FilePath/Us%20babbe.jpg
http://www.wikidata.org/entity/Q65044709,Faroese Sheepdog,http://commons.wikimedia.org/wiki/Special:FilePath/Faroe%20stamp%20255%20sheepdog.jpg
http://www.wikidata.org/entity/Q37993,Fawn Brittany Griffon,http://commons.wikimedia.org/wiki/Special:FilePath/08115500%20Griffon%20Fauve%20Bretagne.jpg
http://www.wikidata.org/entity/Q37993,Fawn Brittany Griffon,http://commons.wikimedia.org/wiki/Special:FilePath/GriffonFauveDeBretagne6Monate.jpg
http://www.wikidata.org/entity/Q38472,Français Blanc et Orange,http://commons.wikimedia.org/wiki/Special:FilePath/Grand%20Anglo-Fran%C3%A7ais%20Blanc%20Et%20Orange.jpg
http://www.wikidata.org/entity/Q2961129,French Charnaigre Dog,http://commons.wikimedia.org/wiki/Special:FilePath/Charnigue01.jpg
http://www.wikidata.org/entity/Q15284257,French Pointing Dog - Pyrenean type,http://commons.wikimedia.org/wiki/Special:FilePath/0805%20braque%20francais%20text.jpg
http://www.wikidata.org/entity/Q112086063,French Pointing Dog Gascogne Type,http://commons.wikimedia.org/wiki/Special:FilePath/Wy%C5%BCe%C5%82%20Gasko%C5%84ski.jpg
http://www.wikidata.org/entity/Q38475,French Tricolour Hound,http://commons.wikimedia.org/wiki/Special:FilePath/Grand%20Anglo-Fran%C3%A7ais%20Tricolore.jpg
http://www.wikidata.org/entity/Q6072879,Fuegian dog,http://commons.wikimedia.org/wiki/Special:FilePath/Illustration%20of%20a%20Fuegian%2C%20Yapoo%20Tekenika%20Wellcome%20L0076886.jpg
http://www.wikidata.org/entity/Q37997,Gascon Saintongeois,http://commons.wikimedia.org/wiki/Special:FilePath/Petit%20Gascon%20Saintongeois%20croped.JPG
http://www.wikidata.org/entity/Q4354350,Gaucho sheepdog,http://commons.wikimedia.org/wiki/Special:FilePath/2%20Teimoso.jpg
http://www.wikidata.org/entity/Q25881,Gegar,http://commons.wikimedia.org/wiki/Special:FilePath/Blue-eyed%20dog%20Muks.jpg
http://www.wikidata.org/entity/Q5408020,German Spitz Mittel,http://commons.wikimedia.org/wiki/Special:FilePath/GSMittel.jpg
http://www.wikidata.org/entity/Q12314116,Gollie,http://commons.wikimedia.org/wiki/Special:FilePath/Gollie.jpg
http://www.wikidata.org/entity/Q96379844,Grand Fauve de Bretagne,http://commons.wikimedia.org/wiki/Special:FilePath/Grand%20Fauve%20de%20Bretagne.jpg
http://www.wikidata.org/entity/Q14309341,Grand Gascon Saintongeois,http://commons.wikimedia.org/wiki/Special:FilePath/Virelade%20from%201915.JPG
http://www.wikidata.org/entity/Q38724,Great Anglo-French Tricolour Hound,http://commons.wikimedia.org/wiki/Special:FilePath/Grand%20anglo%20francais%20tricol%20mod.jpg
http://www.wikidata.org/entity/Q38722,Great Anglo-French White and Black Hound,http://commons.wikimedia.org/wiki/Special:FilePath/Grand%20anglo%20francais%20noir.jpg
http://www.wikidata.org/entity/Q38734,Great Anglo-French White and Orange Hound,http://commons.wikimedia.org/wiki/Special:FilePath/06101298%20Grand%20anglo%20francais%20orange.jpg
http://www.wikidata.org/entity/Q37769,Great Gascony Blue,http://commons.wikimedia.org/wiki/Special:FilePath/Grand%20Bleu%20de%20Gascogne%20in%20a%20blue%20dogcollar.jpg
http://www.wikidata.org/entity/Q3272034,Grecian Greyhound,http://commons.wikimedia.org/wiki/Special:FilePath/039.%20Grecian%20Greyhound.JPG
http://www.wikidata.org/entity/Q38233,Greek Harehound,http://commons.wikimedia.org/wiki/Special:FilePath/Hellinikos%20Ichnilatis%20%28Georging%29%20cropped.jpg
http://www.wikidata.org/entity/Q38055,Griffon Belge,http://commons.wikimedia.org/wiki/Special:FilePath/Griffon%20belge.jpg
http://www.wikidata.org/entity/Q26272045,Griffon Bruxellois,http://commons.wikimedia.org/wiki/Special:FilePath/Monkey%20Bizniz%20Drama%20Queen.jpg
http://www.wikidata.org/entity/Q38001,Griffon à poil laineux,http://commons.wikimedia.org/wiki/Special:FilePath/Griffon%20Boulet%20from%201915.JPG
http://www.wikidata.org/entity/Q16639970,Großspitz,http://commons.wikimedia.org/wiki/Special:FilePath/Un%20chien%20Spitz%20allemand.jpg
http://www.wikidata.org/entity/Q38442,Guatemalan Dogo,http://commons.wikimedia.org/wiki/Special:FilePath/Dogo1.jpg
http://www.wikidata.org/entity/Q38737,Gull Terr,http://commons.wikimedia.org/wiki/Special:FilePath/GULL%20TERR%20%28PAKISTANI%20BULL%20TERRIER%29.jpg
http://www.wikidata.org/entity/Q37982,Halden Hound,http://commons.wikimedia.org/wiki/Special:FilePath/Haldenstovare.jpg
http://www.wikidata.org/entity/Q38041,Hanover Hound,http://commons.wikimedia.org/wiki/Special:FilePath/Hannoverscher%20Schweisshund.jpg
http://www.wikidata.org/entity/Q10519107,Hedehund,http://commons.wikimedia.org/wiki/Special:FilePath/Hedehund.JPG
http://www.wikidata.org/entity/Q38938,Himalayan Sheepdog,http://commons.wikimedia.org/wiki/Special:FilePath/Himalayan%20sheepdog2.jpg
http://www.wikidata.org/entity/Q113714849,Hmong bobtail dog,http://commons.wikimedia.org/wiki/Special:FilePath/Hmong%20Bobtail%201.jpg
http://www.wikidata.org/entity/Q38016,Hygen Hound,http://commons.wikimedia.org/wiki/Special:FilePath/Norwegian%20Hygenhound.jpg
http://www.wikidata.org/entity/Q38921,Indian Spitz,http://commons.wikimedia.org/wiki/Special:FilePath/Indian%20spitz.jpg
http://www.wikidata.org/entity/Q38211,Istrian Coarse-haired Hound,http://commons.wikimedia.org/wiki/Special:FilePath/Istrian%20hound2.jpg
http://www.wikidata.org/entity/Q39273,Italian Rough-haired Segugio,http://commons.wikimedia.org/wiki/Special:FilePath/SIPF%20larger.jpg
http://www.wikidata.org/entity/Q11474636,Iwate Inu,http://commons.wikimedia.org/wiki/Special:FilePath/Iwate%20Inu%20Sentaroaka.png
http://www.wikidata.org/entity/Q492644,Jeju dog,http://commons.wikimedia.org/wiki/Special:FilePath/Jeju%20dog.jpg
http://www.wikidata.org/entity/Q38013,Jonangi,http://commons.wikimedia.org/wiki/Special:FilePath/Jonangi%20from%20Krishna%20District.jpg
http://www.wikidata.org/entity/Q38508,Kangal Shepherd Dog,http://commons.wikimedia.org/wiki/Special:FilePath/Kangal%20dog%20with%20spikey%20collar%2C%20Turkey.jpg
http://www.wikidata.org/entity/Q38508,Kangal Shepherd Dog,http://commons.wikimedia.org/wiki/Special:FilePath/Kangal1.jpg
http://www.wikidata.org/entity/Q38958,Kanni,http://commons.wikimedia.org/wiki/Special:FilePath/Kanni.jpg
http://www.wikidata.org/entity/Q135329578,Kattai dog,http://commons.wikimedia.org/wiki/Special:FilePath/Kattai%20dog%20alias%20kattakal%20dog%20approaching.jpg
http://www.wikidata.org/entity/Q11477572,Kawakami Ken,http://commons.wikimedia.org/wiki/Special:FilePath/%E5%B7%9D%E4%B8%8A%E7%8A%AC.JPG
http://www.wikidata.org/entity/Q37974,Kerry Beagle,http://commons.wikimedia.org/wiki/Special:FilePath/Kerry%20Beagle.jpg
http://www.wikidata.org/entity/Q38784,Kleinspitz,http://commons.wikimedia.org/wiki/Special:FilePath/Kleinspitz%20brown%20Lahti%20CACIB%202014.JPG
http://www.wikidata.org/entity/Q130313860,Laconian,http://commons.wikimedia.org/wiki/Special:FilePath/Athens%20Acropolis%20Museum%20Hunting%20Dog%2003.jpg
http://www.wikidata.org/entity/Q123030292,Laizhou Red Dog,http://commons.wikimedia.org/wiki/Special:FilePath/Laizhoureddog6.jpg
http://www.wikidata.org/entity/Q3217682,Laobé,http://commons.wikimedia.org/wiki/Special:FilePath/Laob%C3%A9.jpg
http://www.wikidata.org/entity/Q38000,Large Vendeen Griffon Basset,http://commons.wikimedia.org/wiki/Special:FilePath/G%20Basset%20Griffon%20Vendeen%20600.jpg
http://www.wikidata.org/entity/Q15444134,Leavitt Bulldog,http://commons.wikimedia.org/wiki/Special:FilePath/Leavitt%20Bulldogs%202.jpg
http://www.wikidata.org/entity/Q39283,Limer,http://commons.wikimedia.org/wiki/Special:FilePath/Limer.jpg
http://www.wikidata.org/entity/Q11698989,Lobito Herreño,http://commons.wikimedia.org/wiki/Special:FilePath/Kinha.jpg
http://www.wikidata.org/entity/Q3516970,Long haired dachshund,http://commons.wikimedia.org/wiki/Special:FilePath/Std%20Dachshund%20600.jpg
http://www.wikidata.org/entity/Q15618573,Lucas Terrier,http://commons.wikimedia.org/wiki/Special:FilePath/Lucas%20Terrier.jpg
http://www.wikidata.org/entity/Q37964,Lucernese Hound,http://commons.wikimedia.org/wiki/Special:FilePath/09057120%20Luzerner%20Laufhund.jpg
http://www.wikidata.org/entity/Q38023,Lupo Italiano,http://commons.wikimedia.org/wiki/Special:FilePath/LUPO%20ITALIANO%20-%20PALIO%20DI%20CENEDA%202018%2015.png
http://www.wikidata.org/entity/Q113697158,Lài dog,http://commons.wikimedia.org/wiki/Special:FilePath/L%C3%A0i%20Dog.jpg
http://www.wikidata.org/entity/Q37659,Mallorcan ratter,http://commons.wikimedia.org/wiki/Special:FilePath/Ratero%20mallorquin.JPG
http://www.wikidata.org/entity/Q38103,Maneto,http://commons.wikimedia.org/wiki/Special:FilePath/Maneto1.jpg
http://www.wikidata.org/entity/Q10346001,Mantiqueira Shepherd,http://commons.wikimedia.org/wiki/Special:FilePath/Pastor%20mantiqueira.jpg
http://www.wikidata.org/entity/Q133854503,Mexican lapdog,http://commons.wikimedia.org/wiki/Special:FilePath/Mexican%20lap-dog%20by%20JG%20Keulemans.jpg
http://www.wikidata.org/entity/Q38004,Miniature Australian Shepherd,http://commons.wikimedia.org/wiki/Special:FilePath/Miniature%20Australian%20Shepherd%20red%20tricolour.jpg
http://www.wikidata.org/entity/Q37967,Miniature Bull Terrier,http://commons.wikimedia.org/wiki/Special:FilePath/Bull%20Terrier%20Miniature.jpg
http://www.wikidata.org/entity/Q6865135,Miniature Fox Terrier,http://commons.wikimedia.org/wiki/Special:FilePath/Mini%20Fox%20Terrier.jpg
http://www.wikidata.org/entity/Q6865135,Miniature Fox Terrier,http://commons.wikimedia.org/wiki/Special:FilePath/Miniature%20Fox%20Terrier.jpg
http://www.wikidata.org/entity/Q14533392,Miniature Shar Pei,http://commons.wikimedia.org/wiki/Special:FilePath/XBlack.JPG
http://www.wikidata.org/entity/Q10587816,Molossus of Epirus,http://commons.wikimedia.org/wiki/Special:FilePath/Molossus%20dog%20in%20Albania.jpeg
http://www.wikidata.org/entity/Q38631,Montenegrin Mountain Hound,http://commons.wikimedia.org/wiki/Special:FilePath/Montenegronak.jpg
http://www.wikidata.org/entity/Q3324148,Morkie,http://commons.wikimedia.org/wiki/Special:FilePath/Morkiedog.jpg
http://www.wikidata.org/entity/Q38892,Mountain Cur,http://commons.wikimedia.org/wiki/Special:FilePath/Mtncur.png
http://www.wikidata.org/entity/Q38894,Mountain View Cur,http://commons.wikimedia.org/wiki/Special:FilePath/Mountain%20View%20Cur.jpg
http://www.wikidata.org/entity/Q37963,Mucuchies,http://commons.wikimedia.org/wiki/Special:FilePath/Mucuchies%20dog%20in%20%C3%81vila%20Mont%20cut%20version.jpg
http://www.wikidata.org/entity/Q37670,Mudhol Hound,http://commons.wikimedia.org/wiki/Special:FilePath/Caravan%20hound%20Closeupfire.jpg
http://www.wikidata.org/entity/Q57258179,Original Fila Brasileiro,http://commons.wikimedia.org/wiki/Special:FilePath/C%C3%A3o%20Original%20Fila%20Brasileiro%20-%20Drag%C3%A3o.jpg
http://www.wikidata.org/entity/Q57258179,Original Fila Brasileiro,http://commons.wikimedia.org/wiki/Special:FilePath/Original%20Fila%20tigrado%20-%20perfil.jpg
http://www.wikidata.org/entity/Q39334,Pachón Navarro,http://commons.wikimedia.org/wiki/Special:FilePath/NAFAR%20EPER%20TXAKURRA%201890.jpg
http://www.wikidata.org/entity/Q38980,Paisley Terrier,http://commons.wikimedia.org/wiki/Special:FilePath/Paisley1903.jpg
http://www.wikidata.org/entity/Q10389422,Pampas Deerhound,http://commons.wikimedia.org/wiki/Special:FilePath/Veadeiro%20pampeano.JPG
http://www.wikidata.org/entity/Q1990683,Pandikona,http://commons.wikimedia.org/wiki/Special:FilePath/Pandikona.jpg
http://www.wikidata.org/entity/Q44008,Pastor Americano,http://commons.wikimedia.org/wiki/Special:FilePath/Pastor%20Americano.jpg
http://www.wikidata.org/entity/Q9053651,Patagonian Sheepdog,http://commons.wikimedia.org/wiki/Special:FilePath/Ovejero%20magall%C3%A1nico%202.jpg
http://www.wikidata.org/entity/Q38783,Pembroke Welsh Corgi,http://commons.wikimedia.org/wiki/Special:FilePath/Welsh%20Pembroke%20Corgi.jpg
http://www.wikidata.org/entity/Q38182,Perro de pastor garafiano,http://commons.wikimedia.org/wiki/Special:FilePath/Ch-Rasti.jpg
http://www.wikidata.org/entity/Q17446281,Perro fino Colombiano,http://commons.wikimedia.org/wiki/Special:FilePath/Colombianus%20Finus.jpg
http://www.wikidata.org/entity/Q11337512,Peruvian Inca Orchid,http://commons.wikimedia.org/wiki/Special:FilePath/Nagi%20meksyka%C5%84czyk%20%C5%9Bredni%20657.jpg
http://www.wikidata.org/entity/Q38176,Petit Bleu de Gascogne,http://commons.wikimedia.org/wiki/Special:FilePath/Ma%C5%82y%20go%C5%84czy%20gasko%C5%84ski%20Cita%20z%20Beckova%20Cb5.jpg
http://www.wikidata.org/entity/Q39331,Petit Gascon Saintongeois,http://commons.wikimedia.org/wiki/Special:FilePath/Petit%20Gascon%20de%20Saintonge%202.JPG
http://www.wikidata.org/entity/Q39116,Phu Quoc ridgeback dog,http://commons.wikimedia.org/wiki/Special:FilePath/Phu%20Quoc%20dog.jpg
http://www.wikidata.org/entity/Q39195,Plott Hound,http://commons.wikimedia.org/wiki/Special:FilePath/Plotthound-red1.jpg
http://www.wikidata.org/entity/Q38165,Portuguese Pointer,http://commons.wikimedia.org/wiki/Special:FilePath/Portuguese%20pointer%2011yo.jpg
http://www.wikidata.org/entity/Q39078,Posavac Hound,http://commons.wikimedia.org/wiki/Special:FilePath/Posavac.jpg
http://www.wikidata.org/entity/Q28063845,Pulin,http://commons.wikimedia.org/wiki/Special:FilePath/Pulin%20002%2C%20Tre%C5%A1njavac.jpg
http://www.wikidata.org/entity/Q10345998,Pyrenean Sheepdog Long-haired,http://commons.wikimedia.org/wiki/Special:FilePath/Berger-des-Pyrenees%20Aurore%200800x0600.jpg
http://www.wikidata.org/entity/Q16039619,Pyrenean Sheepdog Smooth-faced,http://commons.wikimedia.org/wiki/Special:FilePath/Berger-des-Pyrenees%20Ellea%20800x600.jpg
http://www.wikidata.org/entity/Q64828740,Ramanathapuram mandai dog,http://commons.wikimedia.org/wiki/Special:FilePath/RAMANATHAPURAM%20MANDAI%20MANTHAI%20INDIAN%20DOG%20BREED.jpg
http://www.wikidata.org/entity/Q38179,Rampur Greyhound,http://commons.wikimedia.org/wiki/Special:FilePath/Rampurgreyhound.jpg
http://www.wikidata.org/entity/Q38202,Rastreador-brasileiro,http://commons.wikimedia.org/wiki/Special:FilePath/Rastreadora%20Brasileira%20Gaya.jpg
http://www.wikidata.org/entity/Q38209,Ratonero Bodeguero Andaluz,http://commons.wikimedia.org/wiki/Special:FilePath/Bodeguero%20young.jpg
http://www.wikidata.org/entity/Q38820,Redbone Coonhound,http://commons.wikimedia.org/wiki/Special:FilePath/Memphis%20the%20Redbone%20Coonhound%20%287%20Nov%202004%29.jpg
http://www.wikidata.org/entity/Q37795,Romanian Raven Shepherd Dog,http://commons.wikimedia.org/wiki/Special:FilePath/Romanianravencorb1.jpg
http://www.wikidata.org/entity/Q4898,Saint-Usuge Spaniel,http://commons.wikimedia.org/wiki/Special:FilePath/EpagneuldeSaintUsuge.jpg
http://www.wikidata.org/entity/Q4898,Saint-Usuge Spaniel,http://commons.wikimedia.org/wiki/Special:FilePath/Saint%20Usuge%20Spaniel.jpg
http://www.wikidata.org/entity/Q29178,Sapsali,http://commons.wikimedia.org/wiki/Special:FilePath/Korea-Jeonju-Sapsal%20dog%20in%20front%20of%20a%20Hanok%20Village-01.jpg
http://www.wikidata.org/entity/Q19775816,Sarabi Mastiff,http://commons.wikimedia.org/wiki/Special:FilePath/5-%D8%B7%D8%A8%DB%8C%D8%B9%D8%AA%20%D8%B1%D9%88%D8%B3%D8%AA%D8%A7%DB%8C%20%D8%B5%D9%88%D9%85%D8%B9%D9%87%20%D9%85%D9%84%DA%A9%D8%B4%D8%A7%D9%87%20%D8%B3%DA%AF%20%D8%B3%D8%B1%D8%A7%D8%A8.jpg
http://www.wikidata.org/entity/Q107804694,Sarail hound,http://commons.wikimedia.org/wiki/Special:FilePath/Sarail%20Hound%20dog.jpg
http://www.wikidata.org/entity/Q819593,Savoy Sheepdog,http://commons.wikimedia.org/wiki/Special:FilePath/Utah%201%20des%20Pays%20de%20Savoie%20-%20Inscrit%20au%20LOF.jpg
http://www.wikidata.org/entity/Q38436,Schafpudel,http://commons.wikimedia.org/wiki/Special:FilePath/Schafpudel%201.jpg
http://www.wikidata.org/entity/Q38436,Schafpudel,http://commons.wikimedia.org/wiki/Special:FilePath/Schafpudel%20met%20pup.jpg
http://www.wikidata.org/entity/Q38436,Schafpudel,http://commons.wikimedia.org/wiki/Special:FilePath/Schafpudel%20Stephanitz%2082.jpg
http://www.wikidata.org/entity/Q39280,Schwyz Hound,http://commons.wikimedia.org/wiki/Special:FilePath/Swiss%20Hound.jpg
http://www.wikidata.org/entity/Q39587,Scotch collie,http://commons.wikimedia.org/wiki/Special:FilePath/Rough%20Collie%20600.jpg
http://www.wikidata.org/entity/Q39152,Segugio Italiano a Pelo Raso,http://commons.wikimedia.org/wiki/Special:FilePath/Segugioitalianopelorasofulvo%20%28cropped%29.JPG
http://www.wikidata.org/entity/Q1752116,Segugio Maremmano,http://commons.wikimedia.org/wiki/Special:FilePath/Segugio%20Maremmano.jpg
http://www.wikidata.org/entity/Q37574,Serbian Hound,http://commons.wikimedia.org/wiki/Special:FilePath/Serbian%20Hound%20Face.JPG
http://www.wikidata.org/entity/Q37780,Serbian Tricolour Hound,http://commons.wikimedia.org/wiki/Special:FilePath/Srpski%20Trobojni%20Gonic.gif
http://www.wikidata.org/entity/Q10437609,Serrano Bulldog,http://commons.wikimedia.org/wiki/Special:FilePath/Anuke.jpg
http://www.wikidata.org/entity/Q10437609,Serrano Bulldog,http://commons.wikimedia.org/wiki/Special:FilePath/Diana%201.jpg
http://www.wikidata.org/entity/Q25865,Sertanejo Dog,http://commons.wikimedia.org/wiki/Special:FilePath/Um%20prov%C3%A1vel%20%27C%C3%A3o%20Boca-preta%20Sertanejo%27%20-%20IMG%203959.jpg
http://www.wikidata.org/entity/Q16830750,Seskar Seal Dog,http://commons.wikimedia.org/wiki/Special:FilePath/Seiskarinkoira%20Seiskari%20dog.jpg
http://www.wikidata.org/entity/Q105429234,Shepweiler,http://commons.wikimedia.org/wiki/Special:FilePath/%D7%A9%D7%A4%D7%95%D7%95%D7%99%D7%9C%D7%A8%202.jpg
http://www.wikidata.org/entity/Q39229,Shiloh Shepherd,http://commons.wikimedia.org/wiki/Special:FilePath/SirHarley%20of%20Shenandoah%20Kennel.JPG
http://www.wikidata.org/entity/Q21193030,Sila Shepherd,http://commons.wikimedia.org/wiki/Special:FilePath/Scarpino8.png
http://www.wikidata.org/entity/Q1719885,Silken Windsprite,http://commons.wikimedia.org/wiki/Special:FilePath/Whippet%20d%C5%82ugow%C5%82osy%20suka%20MB%20001.jpg
http://www.wikidata.org/entity/Q39182,Small Greek Domestic Dog,http://commons.wikimedia.org/wiki/Special:FilePath/SmallGreekDomesticDog.jpg
http://www.wikidata.org/entity/Q2943769,Small Međimurje Dog,http://commons.wikimedia.org/wiki/Special:FilePath/Small%20Me%C4%91imurje%20dog%202%20%28cropped%29.jpg
http://www.wikidata.org/entity/Q16861551,Smithfield (dog),http://commons.wikimedia.org/wiki/Special:FilePath/Smithfield%20Jack%201898%20ExhbSydne.jpg
http://www.wikidata.org/entity/Q124212270,St. Hubert,http://commons.wikimedia.org/wiki/Special:FilePath/The%20new%20book%20of%20the%20dog%20-%20a%20comprehensive%20natural%20history%20of%20British%20dogs%20and%20their%20foreign%20relatives%2C%20with%20chapters%20on%20law%2C%20breeding%2C%20kennel%20management%2C%20and%20veterinary%20treatment%20%281911%29%20%2814576912960%29.jpg
http://www.wikidata.org/entity/Q107444250,Staghound,http://commons.wikimedia.org/wiki/Special:FilePath/North%20Devon%20Staghounds.jpg
http://www.wikidata.org/entity/Q39390,Talbot,http://commons.wikimedia.org/wiki/Special:FilePath/Haddon-Hall-Talbot.jpg
http://www.wikidata.org/entity/Q16893163,Terceira Mastiff,http://commons.wikimedia.org/wiki/Special:FilePath/Fila%20de%20Terceira.jpg
http://www.wikidata.org/entity/Q16892010,Tibetan kyi apso,http://commons.wikimedia.org/wiki/Special:FilePath/Tibetan%20Kyi%20Apso.jpg
http://www.wikidata.org/entity/Q17023476,Tong gau,http://commons.wikimedia.org/wiki/Special:FilePath/HK%20SW%20QR%20West%20pet%20Dog%20walking%20May%202021%20SS2%2008.jpg
http://www.wikidata.org/entity/Q109535791,Tonya Finosu,http://commons.wikimedia.org/wiki/Special:FilePath/Tonya%20Finosu.jpg
http://www.wikidata.org/entity/Q39407,Toy Manchester Terrier,http://commons.wikimedia.org/wiki/Special:FilePath/Toy-manchester-terrier-weave.png
http://www.wikidata.org/entity/Q11831662,Toy Poodle,http://commons.wikimedia.org/wiki/Special:FilePath/Did%20you%20call%20me.jpg
http://www.wikidata.org/entity/Q11322087,Trailhound,http://commons.wikimedia.org/wiki/Special:FilePath/Trail%20Hounds%20on%20Hill.jpg
http://www.wikidata.org/entity/Q38443,Treeing Tennessee Brindle,http://commons.wikimedia.org/wiki/Special:FilePath/Sienna%20TTBD.jpg
http://www.wikidata.org/entity/Q1748928,Turkmen Alabai,http://commons.wikimedia.org/wiki/Special:FilePath/Ch.%2CIntCh.Odor%20Mortis%20Patisha%2Cimp.Russia.JPG
http://www.wikidata.org/entity/Q39084,Tyrolean Hound,http://commons.wikimedia.org/wiki/Special:FilePath/Tiroler%20Bracke.jpg
http://www.wikidata.org/entity/Q113403824,Valdueza,http://commons.wikimedia.org/wiki/Special:FilePath/Valdueza4.jpg
http://www.wikidata.org/entity/Q39251,Villano de las Encartaciones,http://commons.wikimedia.org/wiki/Special:FilePath/Trucios%20perro%20villano.jpg
http://www.wikidata.org/entity/Q39265,Waeller,http://commons.wikimedia.org/wiki/Special:FilePath/Waeller1.jpg
http://www.wikidata.org/entity/Q3398688,Welsh Hound,http://commons.wikimedia.org/wiki/Special:FilePath/Girl%20with%20a%20dog%2C%20Llansanffraid%20Glynceiriog%3F%20NLW3363932.jpg
http://www.wikidata.org/entity/Q107448399,West Country Harrier,http://commons.wikimedia.org/wiki/Special:FilePath/Hounds%20-%20their%20breeding%20and%20kennel%20management%20%281905%29%20%2814740587676%29.jpg
http://www.wikidata.org/entity/Q11902355,Westfal Terrier,http://commons.wikimedia.org/wiki/Special:FilePath/Westfalenterrier.jpg
http://www.wikidata.org/entity/Q39095,Westphalian Dachsbracke,http://commons.wikimedia.org/wiki/Special:FilePath/Westf%C3%A4lische-dachsbracke.JPG
http://www.wikidata.org/entity/Q39095,Westphalian Dachsbracke,http://commons.wikimedia.org/wiki/Special:FilePath/Westf%C3%A4lische%20Dachsbracke.jpg
http://www.wikidata.org/entity/Q39405,White English Bulldog,http://commons.wikimedia.org/wiki/Special:FilePath/Hedden%27s%20Buddy%20Roe.jpg
http://www.wikidata.org/entity/Q11698316,White Shepherd Dog,http://commons.wikimedia.org/wiki/Special:FilePath/Kandestack%2062406.jpg
http://www.wikidata.org/entity/Q11902537,Wurttemberg Pointer,http://commons.wikimedia.org/wiki/Special:FilePath/Pointer%20of%20Wurtemberg%20from%201915.JPG
http://www.wikidata.org/entity/Q59540,Xarnego Valenciano,http://commons.wikimedia.org/wiki/Special:FilePath/Podencovalencianolisofawn1.jpg
http://www.wikidata.org/entity/Q1000049,Xiasi Dog,http://commons.wikimedia.org/wiki/Special:FilePath/Xiasi%20Quan%20dog.jpg
http://www.wikidata.org/entity/Q6003137,Zerdava,http://commons.wikimedia.org/wiki/Special:FilePath/Zerdava%20dog.jpg
http://www.wikidata.org/entity/Q19283661,Zuchon,http://commons.wikimedia.org/wiki/Special:FilePath/Zuchon%20on%20couch.png
http://www.wikidata.org/entity/Q1028186,griffon,http://commons.wikimedia.org/wiki/Special:FilePath/Grif%C3%B3n%20pelo%20duro%20nieve.jpg
http://www.wikidata.org/entity/Q1958596,hairless dog,http://commons.wikimedia.org/wiki/Special:FilePath/MexicaanseHairless.jpg
http://www.wikidata.org/entity/Q12664827,miniature dachshund,http://commons.wikimedia.org/wiki/Special:FilePath/MiniDachshund1%20wb.jpg
http://www.wikidata.org/entity/Q1135818,nureongi,http://commons.wikimedia.org/wiki/Special:FilePath/Korean%20Yellow%20Spitz%2C%20Gyeyang%2C%20South%20Korea%2C%2029%20August%202022%202.jpg
http://www.wikidata.org/entity/Q99640545,westiepoo,http://commons.wikimedia.org/wiki/Special:FilePath/Westiepoo%20age%2011.jpg
http://www.wikidata.org/entity/Q99640545,westiepoo,http://commons.wikimedia.org/wiki/Special:FilePath/Westiepoo%20age%207.jpg
http://www.wikidata.org/entity/Q3516971,wire-haired dachshund,http://commons.wikimedia.org/wiki/Special:FilePath/Teckel%20-%2040.jpg
http://www.wikidata.org/entity/Q37503,Австралийская короткохвостая пастушья собака,http://commons.wikimedia.org/wiki/Special:FilePath/Australian%20Stumpy%20Tail%20Cattle%20Dog.jpg
http://www.wikidata.org/entity/Q37629,Австралийская овчарка,http://commons.wikimedia.org/wiki/Special:FilePath/Aussi.jpg
http://www.wikidata.org/entity/Q37595,Австралийская пастушья собака,http://commons.wikimedia.org/wiki/Special:FilePath/ACD-blue-spud.jpg
http://www.wikidata.org/entity/Q37520,Австралийский келпи,http://commons.wikimedia.org/wiki/Special:FilePath/Bashyr.jpg
http://www.wikidata.org/entity/Q37530,Австралийский терьер,http://commons.wikimedia.org/wiki/Special:FilePath/Australian%20Terrier%20002%20U.jpg
http://www.wikidata.org/entity/Q37524,Австралийский шелковистый терьер,http://commons.wikimedia.org/wiki/Special:FilePath/02%20Australian%20Silky%20Terrier%2C%20Zack%2C%20spring%202012.jpg
http://www.wikidata.org/entity/Q11385,Австрийская гончая,http://commons.wikimedia.org/wiki/Special:FilePath/Brandlbracke.JPG
http://www.wikidata.org/entity/Q39214,Австрийский брудастый бракк,http://commons.wikimedia.org/wiki/Special:FilePath/Steirische%20Rauhhaarbracke.jpg
http://www.wikidata.org/entity/Q38426,Австрийский пинчер,http://commons.wikimedia.org/wiki/Special:FilePath/Pinczer%20austiacki%20678.jpg
http://www.wikidata.org/entity/Q37859,Азавак,http://commons.wikimedia.org/wiki/Special:FilePath/Azawakh%20bitch%20Shira-tb.jpg
http://www.wikidata.org/entity/Q37730,Азорская пастушья собака,http://commons.wikimedia.org/wiki/Special:FilePath/Caofila.jpg
http://www.wikidata.org/entity/Q37904,Аиди,http://commons.wikimedia.org/wiki/Special:FilePath/Aidi.jpg
http://www.wikidata.org/entity/Q29164,Акита-ину,http://commons.wikimedia.org/wiki/Special:FilePath/Akita%20inu%20criado%20por%20Tsutsui%20Kennel.jpg
http://www.wikidata.org/entity/Q38570,Алабай,http://commons.wikimedia.org/wiki/Special:FilePath/2.CAO%20in%20Hungary.jpg
http://www.wikidata.org/entity/Q38570,Алабай,http://commons.wikimedia.org/wiki/Special:FilePath/%D0%A1%D1%80%D0%B5%D0%B4%D0%BD%D0%B5%D0%B0%D0%B7%D0%B8%D0%B0%D1%82%D1%81%D0%BA%D0%B0%D1%8F%20%D0%BE%D0%B2%D1%87%D0%B0%D1%80%D0%BA%D0%B0%2C%20%D0%BC%D0%BE%D0%BB%D0%BE%D0%B4%D0%BE%D0%B9%20%D0%BA%D0%BE%D0%B1%D0%B5%D0%BB%D1%8C.jpg
http://www.wikidata.org/entity/Q37690,Алано,http://commons.wikimedia.org/wiki/Special:FilePath/Spanish%20Alano%202.jpg
http://www.wikidata.org/entity/Q37690,Алано,http://commons.wikimedia.org/wiki/Special:FilePath/Spanishalanoblacktan1.jpg
http://www.wikidata.org/entity/Q37489,Алапахский бульдог,http://commons.wikimedia.org/wiki/Special:FilePath/Alapaha%20blue%20blood%20bulldog2.jpg
http://www.wikidata.org/entity/Q3635150,Алопекис,http://commons.wikimedia.org/wiki/Special:FilePath/Alopekis%20white%20male.jpg
http://www.wikidata.org/entity/Q37498,Альпийская таксообразная гончая,http://commons.wikimedia.org/wiki/Special:FilePath/Alpejski%20go%C5%84czy%20kr%C3%B3tkono%C5%BCny%20g99.jpg
http://www.wikidata.org/entity/Q38152,Аляскинский кли-кай,http://commons.wikimedia.org/wiki/Special:FilePath/Standard%20Alaskan%20Klee%20Kai.jpg
http://www.wikidata.org/entity/Q21206,Аляскинский маламут,http://commons.wikimedia.org/wiki/Special:FilePath/Alaskan%20Malamute.jpg
http://www.wikidata.org/entity/Q37534,Американская акита,http://commons.wikimedia.org/wiki/Special:FilePath/Akita%20Americano%20v3.jpg
http://www.wikidata.org/entity/Q5570,Американский булли,http://commons.wikimedia.org/wiki/Special:FilePath/%282x%20ch%20GRAN%20DALI%29%20BOTTIcelli%20.jpg
http://www.wikidata.org/entity/Q5570,Американский булли,http://commons.wikimedia.org/wiki/Special:FilePath/Champion%20Charlie%20Muscles%20%282%29.jpg
http://www.wikidata.org/entity/Q37856,Американский водяной спаниель,http://commons.wikimedia.org/wiki/Special:FilePath/AmWaterSpan1.jpg
http://www.wikidata.org/entity/Q37508,Американский голый терьер,http://commons.wikimedia.org/wiki/Special:FilePath/American%20Hairless%20Terrier%20Adelor.jpg
http://www.wikidata.org/entity/Q38063,Американский кокер-спаниель,http://commons.wikimedia.org/wiki/Special:FilePath/AmericanCockerSpaniel%20wb.jpg
http://www.wikidata.org/entity/Q38063,Американский кокер-спаниель,http://commons.wikimedia.org/wiki/Special:FilePath/Cocker%20Spaniel%20Puppy.jpg
http://www.wikidata.org/entity/Q38192,Американский мастиф,http://commons.wikimedia.org/wiki/Special:FilePath/AM.Suma.jpg
http://www.wikidata.org/entity/Q37514,Американский фоксхаунд,http://commons.wikimedia.org/wiki/Special:FilePath/AmericanFoxhound2.jpg
http://www.wikidata.org/entity/Q37699,Американский эскимосский шпиц,http://commons.wikimedia.org/wiki/Special:FilePath/American%20Eskimo%20Dog%201.jpg
http://www.wikidata.org/entity/Q37541,Анатолийская овчарка,http://commons.wikimedia.org/wiki/Special:FilePath/Kangal-welpen-de%20003.jpg
http://www.wikidata.org/entity/Q37578,Английская енотовая гончая,http://commons.wikimedia.org/wiki/Special:FilePath/Maddie%20%288416820450%29.jpg
http://www.wikidata.org/entity/Q37830,Английская овчарка,http://commons.wikimedia.org/wiki/Special:FilePath/TricolorEnglishShepherdDog.jpg
http://www.wikidata.org/entity/Q38550,Английский водяной спаниель,http://commons.wikimedia.org/wiki/Special:FilePath/English%20Water%20Spaniel.jpg
http://www.wikidata.org/entity/Q38533,Английский коккер-спаниель,http://commons.wikimedia.org/wiki/Special:FilePath/%22Bill%22%20-%20Cocker%20spaniel%20anglais%201.jpg
http://www.wikidata.org/entity/Q38309,Английский сеттер,http://commons.wikimedia.org/wiki/Special:FilePath/English%20setter.jpg
http://www.wikidata.org/entity/Q29022,Английский спрингер-спаниель,http://commons.wikimedia.org/wiki/Special:FilePath/Englishspringerspaniel%20Winston.jpg
http://www.wikidata.org/entity/Q37782,Английский тойтерьер,http://commons.wikimedia.org/wiki/Special:FilePath/English%20Toy%20Terrier%20600%2001.jpg
http://www.wikidata.org/entity/Q37789,Английский фоксхаунд,http://commons.wikimedia.org/wiki/Special:FilePath/English%20Foxhound.jpg
http://www.wikidata.org/entity/Q37482,Англо-французская малая гончая,http://commons.wikimedia.org/wiki/Special:FilePath/Anglo-Fran%C3%A7ais%20de%20petite%20v%C3%A9nerie.jpg
http://www.wikidata.org/entity/Q37482,Англо-французская малая гончая,http://commons.wikimedia.org/wiki/Special:FilePath/Anglo-fran%C3%A7ais%20de%20petite%20v%C3%A9nerie%2C%20%C2%ABOp%20dem%20Hut%C2%BB%2C%20Haanenhaff-112.jpg
http://www.wikidata.org/entity/Q39262,Андалузский поденко,http://commons.wikimedia.org/wiki/Special:FilePath/Podenco%20chico.jpg
http://www.wikidata.org/entity/Q39262,Андалузский поденко,http://commons.wikimedia.org/wiki/Special:FilePath/Sheila%20%28podenco%20andaluz%29.jpg
http://www.wikidata.org/entity/Q37697,Аппенцеллер зенненхунд,http://commons.wikimedia.org/wiki/Special:FilePath/Abora%20z%20Velk%C3%A9ho%20%C3%9Ajezda5.jpg
http://www.wikidata.org/entity/Q37741,Арденский бувье,http://commons.wikimedia.org/wiki/Special:FilePath/Boyero-de-las-ardenas7.jpg
http://www.wikidata.org/entity/Q37561,Артезиано-нормандский бассет,http://commons.wikimedia.org/wiki/Special:FilePath/Grupp%206%20BASSET%20ART%C3%89SIEN%20NORMAND%2C%20Skogvaktarens%20Queen%20Sally%20%2824180074612%29.jpg
http://www.wikidata.org/entity/Q37758,Артуазская гончая,http://commons.wikimedia.org/wiki/Special:FilePath/Artois%20from%201915.JPG
http://www.wikidata.org/entity/Q37487,Арьежская гончая,http://commons.wikimedia.org/wiki/Special:FilePath/Ariegeois.jpg
http://www.wikidata.org/entity/Q21080,Афганская борзая,http://commons.wikimedia.org/wiki/Special:FilePath/Afghan%20Hound%20in%20Tallinn.JPG
http://www.wikidata.org/entity/Q21080,Афганская борзая,http://commons.wikimedia.org/wiki/Special:FilePath/AKC%20Helena%20Fall%20Dog%20Show%202011.jpg
http://www.wikidata.org/entity/Q516079,Африканис,http://commons.wikimedia.org/wiki/Special:FilePath/Africanis%20%281%29.jpg
http://www.wikidata.org/entity/Q7254,Аффенпинчер,http://commons.wikimedia.org/wiki/Special:FilePath/Affenpinscher.jpg
http://www.wikidata.org/entity/Q7254,Аффенпинчер,http://commons.wikimedia.org/wiki/Special:FilePath/Borismindre.jpg
http://www.wikidata.org/entity/Q37576,Баварская горная гончая,http://commons.wikimedia.org/wiki/Special:FilePath/2005-09%20Zoran%201.jpg
http://www.wikidata.org/entity/Q37576,Баварская горная гончая,http://commons.wikimedia.org/wiki/Special:FilePath/BayerischerGebirgsSchweisshund.jpg
http://www.wikidata.org/entity/Q1770291,Бакхмуль,http://commons.wikimedia.org/wiki/Special:FilePath/Christopher-el-Bark.jpg
http://www.wikidata.org/entity/Q37585,Барбет,http://commons.wikimedia.org/wiki/Special:FilePath/Chien%20de%20race%20Barbet.jpg
http://www.wikidata.org/entity/Q37871,Басенджи,http://commons.wikimedia.org/wiki/Special:FilePath/2008-05-01%20a%20Basenji%2003.jpg
http://www.wikidata.org/entity/Q38653,Баскская овчарка,http://commons.wikimedia.org/wiki/Special:FilePath/Pastor%20vasco%20m%2014months%20loby%203018.jpg
http://www.wikidata.org/entity/Q37716,Бассет-хаунд,http://commons.wikimedia.org/wiki/Special:FilePath/Basset%20Hound%20600.jpg
http://www.wikidata.org/entity/Q37934,Белая швейцарская овчарка,http://commons.wikimedia.org/wiki/Special:FilePath/WhiteShepherd.jpg
http://www.wikidata.org/entity/Q37624,Бельгийская овчарка,http://commons.wikimedia.org/wiki/Special:FilePath/04%20-%20Belgian%20shepherd%20dog%20varieties%20-%20Groenendael%2CTervuren%2C%20Malinois%2C%20Laekenois.jpg
http://www.wikidata.org/entity/Q38238,Бергамская овчарка,http://commons.wikimedia.org/wiki/Special:FilePath/Bergamasco%20600.jpg
http://www.wikidata.org/entity/Q37491,Бернская гончая,http://commons.wikimedia.org/wiki/Special:FilePath/Gonczy%20bernenski%20pl1.jpg
http://www.wikidata.org/entity/Q37608,Бернский зенненхунд,http://commons.wikimedia.org/wiki/Special:FilePath/Bouviers%20Bernois%20Ganjo.jpg
http://www.wikidata.org/entity/Q37575,Бивер-йоркширский терьер,http://commons.wikimedia.org/wiki/Special:FilePath/BiewerH%C3%BCndin.jpg
http://www.wikidata.org/entity/Q37575,Бивер-йоркширский терьер,http://commons.wikimedia.org/wiki/Special:FilePath/Macho%20Biewer.%20.jpg
http://www.wikidata.org/entity/Q21102,Бигль,http://commons.wikimedia.org/wiki/Special:FilePath/MiloSmet.JPG
http://www.wikidata.org/entity/Q37600,Бишон фризе,http://commons.wikimedia.org/wiki/Special:FilePath/Bichon%20Fris%C3%A9%20-%20studdogbichon.jpg
http://www.wikidata.org/entity/Q37600,Бишон фризе,http://commons.wikimedia.org/wiki/Special:FilePath/Bichon%20Fris%C3%A9%20sitting.jpg
http://www.wikidata.org/entity/Q21098,Бладхаунд,http://commons.wikimedia.org/wiki/Special:FilePath/Perro%20de%20San%20Huberto.jpg
http://www.wikidata.org/entity/Q37579,Блю-лейси,http://commons.wikimedia.org/wiki/Special:FilePath/BlueLacyPhoto1.jpg
http://www.wikidata.org/entity/Q37848,Бойкин-спаниель,http://commons.wikimedia.org/wiki/Special:FilePath/Boykin%20Spaniel%20Relaxing2.jpg
http://www.wikidata.org/entity/Q3621454,Болгарская гончая,http://commons.wikimedia.org/wiki/Special:FilePath/Bulgarsko%20gonche.jpg
http://www.wikidata.org/entity/Q59617570,Болгарская пастушья собака,http://commons.wikimedia.org/wiki/Special:FilePath/Bulgarian%20Shepherd%20Dog%2016.jpg
http://www.wikidata.org/entity/Q2503464,Болгарский барак,http://commons.wikimedia.org/wiki/Special:FilePath/Bulgarian%20barak.jpg
http://www.wikidata.org/entity/Q37566,Болоньез,http://commons.wikimedia.org/wiki/Special:FilePath/Bolo%C5%84czyk%205e3.jpg
http://www.wikidata.org/entity/Q37566,Болоньез,http://commons.wikimedia.org/wiki/Special:FilePath/Bolognese%20Image%202.jpg
http://www.wikidata.org/entity/Q37941,Большой вандейский гриффон,http://commons.wikimedia.org/wiki/Special:FilePath/Rosa%20Bonheur%20Grand%20Griffon%20Vendeen.jpg
http://www.wikidata.org/entity/Q38777,Большой мюнстерлендер,http://commons.wikimedia.org/wiki/Special:FilePath/GrosserMuensterlaender.jpg
http://www.wikidata.org/entity/Q38121,Большой швейцарский зенненхунд,http://commons.wikimedia.org/wiki/Special:FilePath/Swissy-2009-11-02.jpg
http://www.wikidata.org/entity/Q37558,Бордер терьер,http://commons.wikimedia.org/wiki/Special:FilePath/Border%20Terri%C3%ABr.JPG
http://www.wikidata.org/entity/Q37710,Бордер-колли,http://commons.wikimedia.org/wiki/Special:FilePath/Argentine%20border%20collie.jpg
http://www.wikidata.org/entity/Q37878,Бордоский дог,http://commons.wikimedia.org/wiki/Special:FilePath/DJT%200086.jpg
http://www.wikidata.org/entity/Q37619,Бородатая колли,http://commons.wikimedia.org/wiki/Special:FilePath/Bearded%20Collie.jpg
http://www.wikidata.org/entity/Q37720,Босерон,http://commons.wikimedia.org/wiki/Special:FilePath/BeauceronStand.jpg
http://www.wikidata.org/entity/Q37550,Бостон-терьер,http://commons.wikimedia.org/wiki/Special:FilePath/BOSTON%20TERRIER%2C%20Ving%C3%A5rdens%20Essi%20von%20Richards%20%2823995273800%29.2.jpg
http://www.wikidata.org/entity/Q38621,Бразильский терьер,http://commons.wikimedia.org/wiki/Special:FilePath/TERRIER%20BRASILEIRO%2C%20DK%20JV-15%20DK%20V-15%20Jyv%C3%A4m%C3%A4en%20Zircon%20Zr%20%2824265479706%29.2.jpg
http://www.wikidata.org/entity/Q37808,Бразильский фила,http://commons.wikimedia.org/wiki/Special:FilePath/Yacare%20De%20El%20Siledin.JPG
http://www.wikidata.org/entity/Q37656,Брак Дюпюи,http://commons.wikimedia.org/wiki/Special:FilePath/Paul%20Mahler%20-%20Braque%20du%20Puy.jpg
http://www.wikidata.org/entity/Q37821,Бриар,http://commons.wikimedia.org/wiki/Special:FilePath/Briard%20fauve.JPG
http://www.wikidata.org/entity/Q37737,Брогольмер,http://commons.wikimedia.org/wiki/Special:FilePath/Broholmer%20634.jpg
http://www.wikidata.org/entity/Q37917,Буковинская овчарка,http://commons.wikimedia.org/wiki/Special:FilePath/Bucovina%20Sheepdog.jpg
http://www.wikidata.org/entity/Q38510,Буль-энд-терьеры,http://commons.wikimedia.org/wiki/Special:FilePath/1837Decamps.jpg
http://www.wikidata.org/entity/Q38510,Буль-энд-терьеры,http://commons.wikimedia.org/wiki/Special:FilePath/01.%20Bull%20and%20Terrier%2C%20Paris%201863.%20%22Rose%22.png
http://www.wikidata.org/entity/Q38509,Бульдог кампейро,http://commons.wikimedia.org/wiki/Special:FilePath/Buldogue%20Campeiro.jpg
http://www.wikidata.org/entity/Q37632,Бурбонский бракк,http://commons.wikimedia.org/wiki/Special:FilePath/Braque%20du%20Bourbonnais.jpg
http://www.wikidata.org/entity/Q3343819,Бурят-монгольский волкодав,http://commons.wikimedia.org/wiki/Special:FilePath/Hotosho-1.jpg
http://www.wikidata.org/entity/Q38206,Валенсийский ратер,http://commons.wikimedia.org/wiki/Special:FilePath/Ratonero%20valenciano%20dunkel.jpg
http://www.wikidata.org/entity/Q39080,Вандейский бассет-гриффон,http://commons.wikimedia.org/wiki/Special:FilePath/P%20Basset%20Griffon%20Vendeen%20600.jpg
http://www.wikidata.org/entity/Q38965,Веймаранер,http://commons.wikimedia.org/wiki/Special:FilePath/Weimaraner%20Amigo.jpg
http://www.wikidata.org/entity/Q858459,Вельш-корги,http://commons.wikimedia.org/wiki/Special:FilePath/Pembroke%20and%20Cardigan%20Welsh%20Corgi.jpg
http://www.wikidata.org/entity/Q39047,Вельш-спрингер-спаниель,http://commons.wikimedia.org/wiki/Special:FilePath/Welsh%20Springer%20Spaniel%201.jpg
http://www.wikidata.org/entity/Q39041,Вельш-терьер,http://commons.wikimedia.org/wiki/Special:FilePath/Welshterrier.jpg
http://www.wikidata.org/entity/Q38819,Венгерская выжла,http://commons.wikimedia.org/wiki/Special:FilePath/Wy%C5%BCe%C5%82%20w%C4%99gierski%20g%C5%82adkow%C5%82osy%20500.jpg
http://www.wikidata.org/entity/Q39608,Венгерская жесткошёрстная выжла,http://commons.wikimedia.org/wiki/Special:FilePath/Anka%20vom%20Rudolfsforst.jpg
http://www.wikidata.org/entity/Q17510,Вест-хайленд-уайт-терьер,http://commons.wikimedia.org/wiki/Special:FilePath/West%20Highland%20White%20Terrier%20Krakow.jpg
http://www.wikidata.org/entity/Q20860,Веттерхун,http://commons.wikimedia.org/wiki/Special:FilePath/Fryzyjski%20pies%20wodny%20u68.jpg
http://www.wikidata.org/entity/Q39306,Волчья собака Сарлоса,http://commons.wikimedia.org/wiki/Special:FilePath/Saarlooswolfhond.jpg
http://www.wikidata.org/entity/Q38196,Вольпино итальяно,http://commons.wikimedia.org/wiki/Special:FilePath/Volpino04.jpg
http://www.wikidata.org/entity/Q38843,Вольфшпиц,http://commons.wikimedia.org/wiki/Special:FilePath/Keeshond%20Majic%20standing%20cropped.jpg
http://www.wikidata.org/entity/Q38504,Восточноевропейская овчарка,http://commons.wikimedia.org/wiki/Special:FilePath/Vostochno%20Evropeiskaya%20Ovcharka.jpg
http://www.wikidata.org/entity/Q38416,Восточносибирская лайка,http://commons.wikimedia.org/wiki/Special:FilePath/East%20Siberian%20Laika%2003.jpg
http://www.wikidata.org/entity/Q38449,Гаванский бишон,http://commons.wikimedia.org/wiki/Special:FilePath/A%20Havanese%20judging.jpg
http://www.wikidata.org/entity/Q37978,Гамильтонстёваре,http://commons.wikimedia.org/wiki/Special:FilePath/Hamiltonstovare%20600.jpg
http://www.wikidata.org/entity/Q38219,Гампр,http://commons.wikimedia.org/wiki/Special:FilePath/Armenian%20Gampr%2001.jpg
http://www.wikidata.org/entity/Q38189,Глен оф Имаал терьер,http://commons.wikimedia.org/wiki/Special:FilePath/Adult%20Glen%20of%20Imaal%20terrier.jpg
http://www.wikidata.org/entity/Q29114,Голландская овчарка,http://commons.wikimedia.org/wiki/Special:FilePath/Hollandse%20herder%20korthaar.jpg
http://www.wikidata.org/entity/Q37969,Голландский смоусхонд,http://commons.wikimedia.org/wiki/Special:FilePath/Hollandsche%20smoushonden%202.JPG
http://www.wikidata.org/entity/Q37552,Голубой гасконский бассет,http://commons.wikimedia.org/wiki/Special:FilePath/Basset%20bleu%20de%20Gascogne.jpg
http://www.wikidata.org/entity/Q37991,Голубой гасконский гриффон,http://commons.wikimedia.org/wiki/Special:FilePath/04031124%20Griffon%20Bleu%20de%20Gascogne.jpg
http://www.wikidata.org/entity/Q37798,Голубой пикардийский спаниель,http://commons.wikimedia.org/wiki/Special:FilePath/Epagneul%20bleu%20de%20picardie%20868.jpg
http://www.wikidata.org/entity/Q37798,Голубой пикардийский спаниель,http://commons.wikimedia.org/wiki/Special:FilePath/Epagneul%20bleu%20de%20picardie%20g%C5%82owa%20098.jpg
http://www.wikidata.org/entity/Q38728,Гончая Шиллера,http://commons.wikimedia.org/wiki/Special:FilePath/Go%C5%84czy%20schillera%20g%C5%82owa%20j87.jpg
http://www.wikidata.org/entity/Q38571,Грейхаунд,http://commons.wikimedia.org/wiki/Special:FilePath/GraceTheGreyhound.jpg
http://www.wikidata.org/entity/Q38515,Гренландская собака,http://commons.wikimedia.org/wiki/Special:FilePath/Greenland%20dog%20upernavik%202007-06-02%20sample.jpg
http://www.wikidata.org/entity/Q10520346,Греческая овчарка,http://commons.wikimedia.org/wiki/Special:FilePath/Gr11.jpg
http://www.wikidata.org/entity/Q38869,Гриффон Кортальса,http://commons.wikimedia.org/wiki/Special:FilePath/Korthalsgriffon.jpg
http://www.wikidata.org/entity/Q38399,Грюнендаль,http://commons.wikimedia.org/wiki/Special:FilePath/European%20Groenendael%20male.jpg
http://www.wikidata.org/entity/Q17504,Далматин,http://commons.wikimedia.org/wiki/Special:FilePath/Dalmatien.jpg
http://www.wikidata.org/entity/Q1779696,Датский шпиц,http://commons.wikimedia.org/wiki/Special:FilePath/Dansk%20spids.jpg
http://www.wikidata.org/entity/Q29127,Датско-шведская фермерская собака,http://commons.wikimedia.org/wiki/Special:FilePath/Danish%20Swedish%20Farmdog%20cropped.jpg
http://www.wikidata.org/entity/Q38336,Денди-динмонт-терьер,http://commons.wikimedia.org/wiki/Special:FilePath/Dandie%20Dinmont%20Terrier%20600.jpg
http://www.wikidata.org/entity/Q11608113,Дзёмон-сиба,http://commons.wikimedia.org/wiki/Special:FilePath/Joumon%2004.jpg
http://www.wikidata.org/entity/Q38584,Динго,http://commons.wikimedia.org/wiki/Special:FilePath/Dingo%20Side.JPG
http://www.wikidata.org/entity/Q38584,Динго,http://commons.wikimedia.org/wiki/Special:FilePath/Nullarbor%20Dingo.jpg
http://www.wikidata.org/entity/Q37929,Дирхаунд,http://commons.wikimedia.org/wiki/Special:FilePath/Deerhound%20305.jpg
http://www.wikidata.org/entity/Q37929,Дирхаунд,http://commons.wikimedia.org/wiki/Special:FilePath/Grupp%2010%2C%20SKOTSK%20HJORTHUND%2C%20SEJV-12%20SE%20UCH%20Necesse%E2%80%99s%20Ars%20Amandi%20%2823664806293%29.jpg
http://www.wikidata.org/entity/Q38358,Доберман,http://commons.wikimedia.org/wiki/Special:FilePath/Dobermann%20Father-and-son.jpg
http://www.wikidata.org/entity/Q37811,Дратхаар,http://commons.wikimedia.org/wiki/Special:FilePath/GermanWirehrPtr1%20wb.jpg
http://www.wikidata.org/entity/Q37775,Древер,http://commons.wikimedia.org/wiki/Special:FilePath/Drever%20NUCh%20Tanjo.jpg
http://www.wikidata.org/entity/Q39244,Древесная енотовая гончая,http://commons.wikimedia.org/wiki/Special:FilePath/Treeing-walker-coonhound-standing.jpg
http://www.wikidata.org/entity/Q37827,Дрентская куропаточная собака,http://commons.wikimedia.org/wiki/Special:FilePath/Drentse%20Patrijshond.jpg
http://www.wikidata.org/entity/Q37650,Дункер (порода собак),http://commons.wikimedia.org/wiki/Special:FilePath/Dunker.jpg
http://www.wikidata.org/entity/Q37946,Евразиер,http://commons.wikimedia.org/wiki/Special:FilePath/Eurasier.jpg
http://www.wikidata.org/entity/Q39491,Жесткошёрстный фокстерьер,http://commons.wikimedia.org/wiki/Special:FilePath/Elias1%C4%8Derven2006.jpg
http://www.wikidata.org/entity/Q39435,Западносибирская лайка,http://commons.wikimedia.org/wiki/Special:FilePath/West%20Siberian%20Laika.jpg
http://www.wikidata.org/entity/Q38686,Золотистый ретривер,http://commons.wikimedia.org/wiki/Special:FilePath/Golden%20Retriever%20Dukedestiny01%20drvd.jpg
http://www.wikidata.org/entity/Q38162,Ирландский водяной спаниель,http://commons.wikimedia.org/wiki/Special:FilePath/Irlandzki%20spaniel%20wodny%20676.jpg
http://www.wikidata.org/entity/Q38668,Ирландский волкодав,http://commons.wikimedia.org/wiki/Special:FilePath/Irish%20wolfhound%20giaccomo.JPG
http://www.wikidata.org/entity/Q38289,Ирландский красно-белый сеттер,http://commons.wikimedia.org/wiki/Special:FilePath/Irish%20Red%20And%20White%20Setter%202005.jpg
http://www.wikidata.org/entity/Q38761,Ирландский красный сеттер,http://commons.wikimedia.org/wiki/Special:FilePath/Can%20Setter%20dog%20GFDL.jpg
http://www.wikidata.org/entity/Q38047,Ирландский мягкошёрстный пшеничный терьер,http://commons.wikimedia.org/wiki/Special:FilePath/Soft%20Coated%20Wheaten%20Terrier%20600.jpg
http://www.wikidata.org/entity/Q38644,Ирландский терьер,http://commons.wikimedia.org/wiki/Special:FilePath/Irish%20Terrier%20P1060074.jpg
http://www.wikidata.org/entity/Q38710,Исландская собака,http://commons.wikimedia.org/wiki/Special:FilePath/Ulfur.jpg
http://www.wikidata.org/entity/Q39200,Испанская водяная собака,http://commons.wikimedia.org/wiki/Special:FilePath/Perro%20agua.jpg
http://www.wikidata.org/entity/Q37920,Испанский гальго,http://commons.wikimedia.org/wiki/Special:FilePath/Galgo%20espagnol%20005.jpg
http://www.wikidata.org/entity/Q38638,Истрийская гончая,http://commons.wikimedia.org/wiki/Special:FilePath/Istrische%20Bracke.jpg
http://www.wikidata.org/entity/Q17521154,Итальянская гончая,http://commons.wikimedia.org/wiki/Special:FilePath/Segugioitalianopelorasofulvo.JPG
http://www.wikidata.org/entity/Q38255,Итальянский бракк,http://commons.wikimedia.org/wiki/Special:FilePath/BIR%20Grupp%207-%20BRACCO%20ITALIANO%2C%20Nuits%20Di%20Montemassi%20%2823866391829%29.jpg
http://www.wikidata.org/entity/Q39161,Итальянский спиноне,http://commons.wikimedia.org/wiki/Special:FilePath/Spinone%20italiano%20Daisy.JPG
http://www.wikidata.org/entity/Q39330,Йоркширский терьер,http://commons.wikimedia.org/wiki/Special:FilePath/Imageyorkie.png
http://www.wikidata.org/entity/Q37676,Ка де Бо,http://commons.wikimedia.org/wiki/Special:FilePath/Ca%20de%20bou%20dog.jpg
http://www.wikidata.org/entity/Q38072,Кавалер кинг чарльз спаниель,http://commons.wikimedia.org/wiki/Special:FilePath/Betty%20Verdure.Photo%20Ph.BRIZARD.JPG
http://www.wikidata.org/entity/Q38072,Кавалер кинг чарльз спаниель,http://commons.wikimedia.org/wiki/Special:FilePath/CavalierKgChas2%20wb.jpg
http://www.wikidata.org/entity/Q38576,Кавказская овчарка,http://commons.wikimedia.org/wiki/Special:FilePath/Owczarek%20kaukaski%2065556.jpg
http://www.wikidata.org/entity/Q38223,Каи,http://commons.wikimedia.org/wiki/Special:FilePath/Image%20of%20Kai%20%28dog%29.jpg
http://www.wikidata.org/entity/Q3322296,Кан де паллейро,http://commons.wikimedia.org/wiki/Special:FilePath/Palleiro1.JPG
http://www.wikidata.org/entity/Q29040,Канадская эскимосская собака,http://commons.wikimedia.org/wiki/Special:FilePath/Cedpup.jpg
http://www.wikidata.org/entity/Q37750,Канарский дог,http://commons.wikimedia.org/wiki/Special:FilePath/Presacanariobody.jpg
http://www.wikidata.org/entity/Q37750,Канарский дог,http://commons.wikimedia.org/wiki/Special:FilePath/Presacanarionaturalears.jpg
http://www.wikidata.org/entity/Q21082,Кане-корсо,http://commons.wikimedia.org/wiki/Special:FilePath/Anita%20Cane%20Corso%20Italiano%20allevato%20in%20Italia.jpg
http://www.wikidata.org/entity/Q21082,Кане-корсо,http://commons.wikimedia.org/wiki/Special:FilePath/FINLEY%20DE%20LA%20MIRAGE%20DE%20TORRELLAS%2001.jpg
http://www.wikidata.org/entity/Q38099,Као де кастро-лаборейро,http://commons.wikimedia.org/wiki/Special:FilePath/Cao%20de%20castro%20laboreiro.jpg
http://www.wikidata.org/entity/Q38452,Каракачанская собака,http://commons.wikimedia.org/wiki/Special:FilePath/Karakatschan.jpg
http://www.wikidata.org/entity/Q2642504,Карело-финская лайка,http://commons.wikimedia.org/wiki/Special:FilePath/Karelo%20Finnish%20Laika.jpg
http://www.wikidata.org/entity/Q37950,Карельская медвежья собака,http://commons.wikimedia.org/wiki/Special:FilePath/Karelski%20pies%20na%20nied%C5%BAwiedzie%20sylwetka.JPG
http://www.wikidata.org/entity/Q38990,Карликовый пинчер,http://commons.wikimedia.org/wiki/Special:FilePath/Grupp%202%20DV%C3%84RGPINCHER%2C%20Pincerella%E2%80%99s%20Rinaldo%20Rosso%20%2824260846206%29.jpg
http://www.wikidata.org/entity/Q38990,Карликовый пинчер,http://commons.wikimedia.org/wiki/Special:FilePath/Zwergpinscher%20adult%20Ch.%20Mirzan%20del%20Piervez.jpg
http://www.wikidata.org/entity/Q37721,Каролинская собака,http://commons.wikimedia.org/wiki/Special:FilePath/Carolina%20Strand.jpg
http://www.wikidata.org/entity/Q37721,Каролинская собака,http://commons.wikimedia.org/wiki/Special:FilePath/Karol%C3%ADnsk%C3%BD%20pes.jpeg
http://www.wikidata.org/entity/Q29058,Каталонская овчарка,http://commons.wikimedia.org/wiki/Special:FilePath/Catalaanse%20herder.JPG
http://www.wikidata.org/entity/Q38132,Кинг чарльз спаниель,http://commons.wikimedia.org/wiki/Special:FilePath/King%20Charles%20Spaniel%20200.jpg
http://www.wikidata.org/entity/Q38132,Кинг чарльз спаниель,http://commons.wikimedia.org/wiki/Special:FilePath/King%20Charles%20Spaniel%20Mike%203.jpg
http://www.wikidata.org/entity/Q1742290,Кинтамани,http://commons.wikimedia.org/wiki/Special:FilePath/Kintamani.jpg
http://www.wikidata.org/entity/Q38342,Кисю,http://commons.wikimedia.org/wiki/Special:FilePath/Kishu.jpg
http://www.wikidata.org/entity/Q37673,Китайская собака Чунцин,http://commons.wikimedia.org/wiki/Special:FilePath/Chinese%20Chongqing%20Dog%20H%C3%BCndin.jpg
http://www.wikidata.org/entity/Q37892,Китайская хохлатая собака,http://commons.wikimedia.org/wiki/Special:FilePath/IndyStands.jpg
http://www.wikidata.org/entity/Q37851,Кламбер-спаниель,http://commons.wikimedia.org/wiki/Special:FilePath/Clumber%20spaniel%20767.jpg
http://www.wikidata.org/entity/Q37851,Кламбер-спаниель,http://commons.wikimedia.org/wiki/Special:FilePath/Clumber%20spaniel%20glowa%20rybnik-kamien%20ppl.jpg
http://www.wikidata.org/entity/Q38716,Коикерхондье,http://commons.wikimedia.org/wiki/Special:FilePath/Kooiker03.jpg
http://www.wikidata.org/entity/Q1196071,Колли,http://commons.wikimedia.org/wiki/Special:FilePath/1Dog-rough-collie-portrait.jpg
http://www.wikidata.org/entity/Q1196071,Колли,http://commons.wikimedia.org/wiki/Special:FilePath/Border%20collie%20%28dog%29.jpg
http://www.wikidata.org/entity/Q38650,Колли длинношёрстный,http://commons.wikimedia.org/wiki/Special:FilePath/AmericanCollie2.jpg
http://www.wikidata.org/entity/Q38650,Колли длинношёрстный,http://commons.wikimedia.org/wiki/Special:FilePath/Rough%20Collie%20head.jpg
http://www.wikidata.org/entity/Q38790,Колли короткошёрстный,http://commons.wikimedia.org/wiki/Special:FilePath/Smooth%20Collie%20600.jpg
http://www.wikidata.org/entity/Q38675,Комондор,http://commons.wikimedia.org/wiki/Special:FilePath/Komondor%20dog%20breed.jpg
http://www.wikidata.org/entity/Q38675,Комондор,http://commons.wikimedia.org/wiki/Special:FilePath/Komondor%20Westminster%20Dog%20Show%20crop.jpg
http://www.wikidata.org/entity/Q37764,Континентальный бульдог,http://commons.wikimedia.org/wiki/Special:FilePath/Pitsch-Dog.jpg
http://www.wikidata.org/entity/Q38115,Континентальный тойспаниель,http://commons.wikimedia.org/wiki/Special:FilePath/Outdoor%20Continental%20Toy%20Spaniel%20Papillon.jpeg
http://www.wikidata.org/entity/Q29170,Корейский чиндо,http://commons.wikimedia.org/wiki/Special:FilePath/Korean%20Jindo%20Dog.jpg
http://www.wikidata.org/entity/Q38295,Котон-де-тулеар,http://commons.wikimedia.org/wiki/Special:FilePath/Coton%20de%20Tular%202.jpg
http://www.wikidata.org/entity/Q37954,Крашская овчарка,http://commons.wikimedia.org/wiki/Special:FilePath/Owczarek%20kraski%20654.jpg
http://www.wikidata.org/entity/Q38403,Кромфорлендер,http://commons.wikimedia.org/wiki/Special:FilePath/Kromfohrlaender%20glatt.jpg
http://www.wikidata.org/entity/Q38467,Кувас,http://commons.wikimedia.org/wiki/Special:FilePath/2-kuvasz.jpg
http://www.wikidata.org/entity/Q38951,Кули (порода собак),http://commons.wikimedia.org/wiki/Special:FilePath/Pete%20may01%20web.JPG
http://www.wikidata.org/entity/Q38948,Куньминская овчарка,http://commons.wikimedia.org/wiki/Special:FilePath/Kunming%20Dog.jpg
http://www.wikidata.org/entity/Q38084,Курцхаар,http://commons.wikimedia.org/wiki/Special:FilePath/Duitse%20staande%20korthaar%2010-10-1.jpg
http://www.wikidata.org/entity/Q38084,Курцхаар,http://commons.wikimedia.org/wiki/Special:FilePath/Duitse%20staande%20korthaar%2010-10-2.jpg
http://www.wikidata.org/entity/Q38375,Курчавошёрстный ретривер,http://commons.wikimedia.org/wiki/Special:FilePath/Curley%20coated%20retriever5.jpg
http://www.wikidata.org/entity/Q1796295,Кёнигсбергские паукенхунды,http://commons.wikimedia.org/wiki/Special:FilePath/Paukenhund.JPG
http://www.wikidata.org/entity/Q38726,Лабрадор ретривер,http://commons.wikimedia.org/wiki/Special:FilePath/Yellow%20Labrador%20Retriever%202.jpg
http://www.wikidata.org/entity/Q38910,Лаготто-романьоло,http://commons.wikimedia.org/wiki/Special:FilePath/Lagotto%20Romagnolo.jpg
http://www.wikidata.org/entity/Q37815,Лакенуа,http://commons.wikimedia.org/wiki/Special:FilePath/Belgian%20Laekenois%20600.jpg
http://www.wikidata.org/entity/Q37834,Лангхаар,http://commons.wikimedia.org/wiki/Special:FilePath/DeutschLanghaarneu.jpg
http://www.wikidata.org/entity/Q38950,Ландсир,http://commons.wikimedia.org/wiki/Special:FilePath/Landseer.jpg
http://www.wikidata.org/entity/Q37972,Ланкаширский хилер,http://commons.wikimedia.org/wiki/Special:FilePath/Grupp%201%2C%20LANCASHIRE%20HEELER%2C%20NO%20UCH%20NO%20V-14%20NO%20V-15%20SE%20UCH%20St%C3%A5hlskyttens%20Longed%20For%20Antony%20%2824284065606%29.jpg
http://www.wikidata.org/entity/Q38503,Левретка,http://commons.wikimedia.org/wiki/Special:FilePath/Charciki%20W%C5%82oskie%2C%20doros%C5%82y%20i%20szczeniak.jpg
http://www.wikidata.org/entity/Q38110,Лейкленд-терьер,http://commons.wikimedia.org/wiki/Special:FilePath/Lakeland%20Terrier.jpg
http://www.wikidata.org/entity/Q38487,Леонбергер,http://commons.wikimedia.org/wiki/Special:FilePath/Leonberger%20male.jpg
http://www.wikidata.org/entity/Q38032,Леопардовая собака Катахулы,http://commons.wikimedia.org/wiki/Special:FilePath/02.%20Coahoma%20Arkansas%20Logan.jpg
http://www.wikidata.org/entity/Q38032,Леопардовая собака Катахулы,http://commons.wikimedia.org/wiki/Special:FilePath/Louisiana%20Cataholula%20Leopard%20Dog%20-%20Coahoma%20Arkansas.JPG
http://www.wikidata.org/entity/Q11294205,Леопардовая собака Катахулы,http://commons.wikimedia.org/wiki/Special:FilePath/SasquatchCatahoulaCurDog.jpg
http://www.wikidata.org/entity/Q38362,Лопарская оленегонная собака,http://commons.wikimedia.org/wiki/Special:FilePath/Lapskvallhund.jpg
http://www.wikidata.org/entity/Q38352,Лхаса апсо,http://commons.wikimedia.org/wiki/Special:FilePath/Grupp%209%2C%20LHASA%20APSO%2C%20DK%20JV-13%20DK%20V-14%20DK%20V-15%20NO%20UCH%20NO%20V-15%20SE%20UCH%20Chic%20Choix%20Some%20Like%20It%20Chic%20%2824014621720%29.jpg
http://www.wikidata.org/entity/Q37649,Майоркская овчарка,http://commons.wikimedia.org/wiki/Special:FilePath/Ca%20de%20Bestiar.JPG
http://www.wikidata.org/entity/Q12908317,Македонский караман,http://commons.wikimedia.org/wiki/Special:FilePath/Makedoniankaraman1.jpg
http://www.wikidata.org/entity/Q38027,Малая львиная собака,http://commons.wikimedia.org/wiki/Special:FilePath/LowchenFemale.jpg
http://www.wikidata.org/entity/Q38731,Малая швейцарская гончая,http://commons.wikimedia.org/wiki/Special:FilePath/08115491%20Schwyzer%20Niederlaufhund.jpg
http://www.wikidata.org/entity/Q38889,Малые бельгийские собаки,http://commons.wikimedia.org/wiki/Special:FilePath/Monkey%20Bizniz%20Drama%20Queen.jpg
http://www.wikidata.org/entity/Q38036,Малый мюнстерлендер,http://commons.wikimedia.org/wiki/Special:FilePath/Kleiner%20Munsterlander%20edit.jpg
http://www.wikidata.org/entity/Q38751,Мальтийская болонка,http://commons.wikimedia.org/wiki/Special:FilePath/Maltezer%20Vereniging%20Belgie.jpg
http://www.wikidata.org/entity/Q38387,Манчестер терьер,http://commons.wikimedia.org/wiki/Special:FilePath/Manchesterterrier.jpg
http://www.wikidata.org/entity/Q21074,Мареммо-абруццкая овчарка,http://commons.wikimedia.org/wiki/Special:FilePath/Cane%20Pastore%20Abruzzese%20Abruzzo.jpg
http://www.wikidata.org/entity/Q37572,Махореро,http://commons.wikimedia.org/wiki/Special:FilePath/Bardina-Donna-1.jpg
http://www.wikidata.org/entity/Q30891717,Меделян,http://commons.wikimedia.org/wiki/Special:FilePath/%D0%9C%D0%B5%D0%B4%D0%B5%D0%BB%D1%8F%D0%BD%20%28%D0%BF%D0%BE%D1%80%D0%BE%D0%B4%D0%B0%20%D1%81%D0%BE%D0%B1%D0%B0%D0%BA%29.jpg
http://www.wikidata.org/entity/Q6865130,Миниатюрная американская овчарка,http://commons.wikimedia.org/wiki/Special:FilePath/Miniature-american-shepherd-energies.jpg
http://www.wikidata.org/entity/Q13217219,Молоссы,http://commons.wikimedia.org/wiki/Special:FilePath/Molossian%20Hound%2C%20British%20Museum.jpg
http://www.wikidata.org/entity/Q6915548,Московская водяная собака,http://commons.wikimedia.org/wiki/Special:FilePath/Moscow-Water%20dog.jpg
http://www.wikidata.org/entity/Q38518,Московская сторожевая,http://commons.wikimedia.org/wiki/Special:FilePath/Moscowwatchdog.jpg
http://www.wikidata.org/entity/Q38690,Муди,http://commons.wikimedia.org/wiki/Special:FilePath/Hondenras%20Mudi.jpg
http://www.wikidata.org/entity/Q38280,Немецкая овчарка,http://commons.wikimedia.org/wiki/Special:FilePath/Pastor%20aleman%20a.jpg
http://www.wikidata.org/entity/Q38496,Немецкий боксёр,http://commons.wikimedia.org/wiki/Special:FilePath/Boxer%20female%20brown.jpg
http://www.wikidata.org/entity/Q37838,Немецкий бракк,http://commons.wikimedia.org/wiki/Special:FilePath/DeutscheBracke.jpg
http://www.wikidata.org/entity/Q5414,Немецкий дог,http://commons.wikimedia.org/wiki/Special:FilePath/8675eds%20win.jpg
http://www.wikidata.org/entity/Q37793,Немецкий пинчер,http://commons.wikimedia.org/wiki/Special:FilePath/German%20Pinscher.JPG
http://www.wikidata.org/entity/Q38655,Немецкий шпиц,http://commons.wikimedia.org/wiki/Special:FilePath/Un%20chien%20Spitz%20allemand.jpg
http://www.wikidata.org/entity/Q37773,Немецкий штихельхаар,http://commons.wikimedia.org/wiki/Special:FilePath/03030288%20Deutsch%20Stichelhaa.jpg
http://www.wikidata.org/entity/Q37899,Немецкий ягдтерьер,http://commons.wikimedia.org/wiki/Special:FilePath/Terier%20niemiecki%20my%C5%9Bliwski%20721.jpg
http://www.wikidata.org/entity/Q3438758,Ненецкая лайка,http://commons.wikimedia.org/wiki/Special:FilePath/%D0%9D%D0%B5%D0%BD%D0%B5%D1%86%D0%BA%D0%B0%D1%8F%20%D0%BB%D0%B0%D0%B9%D0%BA%D0%B0%2010.jpg
http://www.wikidata.org/entity/Q38409,Нивернейский гриффон,http://commons.wikimedia.org/wiki/Special:FilePath/Griffon%20nivernais.jpg
http://www.wikidata.org/entity/Q38884,Новогвинейская поющая собака,http://commons.wikimedia.org/wiki/Special:FilePath/New%20Guinea%20Singing%20Dog%20on%20trail-Cropped.jpg
http://www.wikidata.org/entity/Q38425,Новозеландская овчарка,http://commons.wikimedia.org/wiki/Special:FilePath/Huntaway.JPG
http://www.wikidata.org/entity/Q38824,Новошотландский ретривер,http://commons.wikimedia.org/wiki/Special:FilePath/Duck%20Toller.jpg
http://www.wikidata.org/entity/Q38925,Норботтен шпиц,http://commons.wikimedia.org/wiki/Special:FilePath/Nordic%20Spitz.jpg
http://www.wikidata.org/entity/Q38478,Норвежский бухунд,http://commons.wikimedia.org/wiki/Special:FilePath/Norwegian%20Buhund%20600.jpg
http://www.wikidata.org/entity/Q38895,Норвежский лундехунд,http://commons.wikimedia.org/wiki/Special:FilePath/Lundehund-2003.jpg
http://www.wikidata.org/entity/Q38961,Норвежский чёрный элкхунд,http://commons.wikimedia.org/wiki/Special:FilePath/BlackNorwegianElkhound.jpg
http://www.wikidata.org/entity/Q38803,Норвежский элкхаунд,http://commons.wikimedia.org/wiki/Special:FilePath/Norwegian%20Elkhound.jpg
http://www.wikidata.org/entity/Q38940,Норфолк-терьер,http://commons.wikimedia.org/wiki/Special:FilePath/Charmonty%20Norfolkterrier.jpg
http://www.wikidata.org/entity/Q38706,Ньюфаундленд,http://commons.wikimedia.org/wiki/Special:FilePath/Newfoundland%20dog%20Smoky.jpg
http://www.wikidata.org/entity/Q37727,Овернский бракк,http://commons.wikimedia.org/wiki/Special:FilePath/Braque%20d%20Auvergne.jpg
http://www.wikidata.org/entity/Q20379893,Одис,http://commons.wikimedia.org/wiki/Special:FilePath/Odessadogodis1.jpg
http://www.wikidata.org/entity/Q38922,Оттерхаунд,http://commons.wikimedia.org/wiki/Special:FilePath/Two%20otterhounds.jpg
http://www.wikidata.org/entity/Q38880,Парсон-рассел-терьер,http://commons.wikimedia.org/wiki/Special:FilePath/Parson%20Russell%20Terrier.jpg
http://www.wikidata.org/entity/Q38800,Паттердейл-терьер,http://commons.wikimedia.org/wiki/Special:FilePath/05078045%20Patterdale%20Terrier.jpg
http://www.wikidata.org/entity/Q38959,Пекинес,http://commons.wikimedia.org/wiki/Special:FilePath/1AKC%20Pekingese%20Dog%20Show%202011.jpg
http://www.wikidata.org/entity/Q38874,Перуанская голая собака,http://commons.wikimedia.org/wiki/Special:FilePath/Taru%20metsa.jpg
http://www.wikidata.org/entity/Q37635,Пикардийская овчарка,http://commons.wikimedia.org/wiki/Special:FilePath/Owczarek%20pikardyjski%2063.jpg
http://www.wikidata.org/entity/Q38030,Пикардийский спаниель,http://commons.wikimedia.org/wiki/Special:FilePath/Epagneul%20picard%20685.jpg
http://www.wikidata.org/entity/Q38030,Пикардийский спаниель,http://commons.wikimedia.org/wiki/Special:FilePath/Epagneul%20Picard%20ter.jpg
http://www.wikidata.org/entity/Q3092983,Пила архентино,http://commons.wikimedia.org/wiki/Special:FilePath/Pilas%20Argentinos-Felix-%26-Fortuna-04-1912.jpg
http://www.wikidata.org/entity/Q37803,Пиренейская горная собака,http://commons.wikimedia.org/wiki/Special:FilePath/Pyrenean%20Mountain%20Dog%20600.jpg
http://www.wikidata.org/entity/Q37786,Пиренейская овчарка,http://commons.wikimedia.org/wiki/Special:FilePath/Berger-des-Pyrenees%20Adeux%200302x0214.jpg
http://www.wikidata.org/entity/Q38766,Пиренейский мастиф,http://commons.wikimedia.org/wiki/Special:FilePath/MasPiri-Lula-ESP.jpg
http://www.wikidata.org/entity/Q37755,Поденко ибиценко,http://commons.wikimedia.org/wiki/Special:FilePath/AdemasAout2021.ret.jpg
http://www.wikidata.org/entity/Q37755,Поденко ибиценко,http://commons.wikimedia.org/wiki/Special:FilePath/Podenco%20z%20ibizy%20645.jpg
http://www.wikidata.org/entity/Q38932,Поденко канарио,http://commons.wikimedia.org/wiki/Special:FilePath/Podenco%20Canario%202.jpg
http://www.wikidata.org/entity/Q769804,Пойнтер (порода собак),http://commons.wikimedia.org/wiki/Special:FilePath/English%20pointer.jpg
http://www.wikidata.org/entity/Q38051,Польская гончая,http://commons.wikimedia.org/wiki/Special:FilePath/PolishScenthound-ChPl-NEMROD-KlusujacaSfora-wl.GrzegorzWeron.jpg
http://www.wikidata.org/entity/Q38836,Польская низинная овчарка,http://commons.wikimedia.org/wiki/Special:FilePath/Polski%20owczarek%20nizinny.jpg
http://www.wikidata.org/entity/Q39096,Польская подгалянская овчарка,http://commons.wikimedia.org/wiki/Special:FilePath/Polski%20Owczarek%20Podhalanski.jpg
http://www.wikidata.org/entity/Q38217,Польский огар,http://commons.wikimedia.org/wiki/Special:FilePath/PolishHound-ChPl-BARD-zKicibirza-wl.AnnaWalentynowicz.JPG
http://www.wikidata.org/entity/Q55454389,Польский охотничий спаниель,http://commons.wikimedia.org/wiki/Special:FilePath/Polishhuntingmyzli.jpg
http://www.wikidata.org/entity/Q10351150,Помски,http://commons.wikimedia.org/wiki/Special:FilePath/Pomsky%20Dog%20Breed%20-%20Pomeranian%20Husky%20Mix.jpg
http://www.wikidata.org/entity/Q38559,Португальская водяная собака,http://commons.wikimedia.org/wiki/Special:FilePath/C%C3%A3o%20de%20agua%20Portugu%C3%AAs%202.jpg
http://www.wikidata.org/entity/Q37734,Португальская овчарка,http://commons.wikimedia.org/wiki/Special:FilePath/Cao%20de%20Serra%20de%20Aires600.jpg
http://www.wikidata.org/entity/Q39063,Португальский поденгу,http://commons.wikimedia.org/wiki/Special:FilePath/Podengo%20Portugues.jpg
http://www.wikidata.org/entity/Q38906,Пражский крысарик,http://commons.wikimedia.org/wiki/Special:FilePath/Ex%20perla%20moravy%201.jpg
http://www.wikidata.org/entity/Q29200,Прямошёрстный ретривер,http://commons.wikimedia.org/wiki/Special:FilePath/Flat%20Coated%20Retriever.jpg
http://www.wikidata.org/entity/Q29200,Прямошёрстный ретривер,http://commons.wikimedia.org/wiki/Special:FilePath/Flat%20Coated%20Retriever%20-%20black.jpg
http://www.wikidata.org/entity/Q13631411,Пти-брабансон,http://commons.wikimedia.org/wiki/Special:FilePath/Petit-brabancon-gaystock-le-pas-de-tout.jpg
http://www.wikidata.org/entity/Q38185,Пуатевин,http://commons.wikimedia.org/wiki/Special:FilePath/Poitevin%20Hound.jpg
http://www.wikidata.org/entity/Q38930,Пудельпойнтер,http://commons.wikimedia.org/wiki/Special:FilePath/Pudelpointer%20on%20point.jpg
http://www.wikidata.org/entity/Q38864,Пули,http://commons.wikimedia.org/wiki/Special:FilePath/Puli%20600.jpg
http://www.wikidata.org/entity/Q38919,Пуми,http://commons.wikimedia.org/wiki/Special:FilePath/Hungarianpumi.JPG
http://www.wikidata.org/entity/Q38312,Раджапалайям,http://commons.wikimedia.org/wiki/Special:FilePath/%282%29%20Isha%20female%20rajapalayam.jpg
http://www.wikidata.org/entity/Q38312,Раджапалайям,http://commons.wikimedia.org/wiki/Special:FilePath/02.%20Bheem%20the%20male%20rajapalayam.jpg
http://www.wikidata.org/entity/Q39073,Рафейру ду Алентежу,http://commons.wikimedia.org/wiki/Special:FilePath/Rafeiro%20male.jpg
http://www.wikidata.org/entity/Q38688,Ризеншнауцер,http://commons.wikimedia.org/wiki/Special:FilePath/Bvdb-riesen%20schnauzer.jpg
http://www.wikidata.org/entity/Q38688,Ризеншнауцер,http://commons.wikimedia.org/wiki/Special:FilePath/Stablemaster%27s%20NORTHERN%20HOPE%28Poznan2006%29.jpg
http://www.wikidata.org/entity/Q39026,Родезийский риджбек,http://commons.wikimedia.org/wiki/Special:FilePath/Grupp%206%20RHODESIAN%20RIDGEBACK%2C%20NO%20JV-15%20SE%20VCH%20Kadamo%20I%E2%80%99m%20In%20It%20For%20The%20Gold%20%2823920356649%29.jpg
http://www.wikidata.org/entity/Q39093,Ротвейлер,http://commons.wikimedia.org/wiki/Special:FilePath/Rottweiler%20Moletai%20May%202014.2.jpg
http://www.wikidata.org/entity/Q1092646,Румынская карпатская овчарка,http://commons.wikimedia.org/wiki/Special:FilePath/Carpatin.jpg
http://www.wikidata.org/entity/Q37832,Румынская миоритская овчарка,http://commons.wikimedia.org/wiki/Special:FilePath/Mioritic.jpg
http://www.wikidata.org/entity/Q10657975,Русская гончая,http://commons.wikimedia.org/wiki/Special:FilePath/6gRG.jpg
http://www.wikidata.org/entity/Q10411807,Русская пегая гончая,http://commons.wikimedia.org/wiki/Special:FilePath/Englantilais-ven%C3%A4l%C3%A4inenajokoira.jpg
http://www.wikidata.org/entity/Q38263,Русская цветная болонка,http://commons.wikimedia.org/wiki/Special:FilePath/Irsika.jpg
http://www.wikidata.org/entity/Q39103,Русский охотничий спаниель,http://commons.wikimedia.org/wiki/Special:FilePath/Russpaniel.jpg
http://www.wikidata.org/entity/Q39176,Русский той,http://commons.wikimedia.org/wiki/Special:FilePath/RusskiyToyWelpe9Mon.JPG
http://www.wikidata.org/entity/Q39332,Русско-европейская лайка,http://commons.wikimedia.org/wiki/Special:FilePath/Russo%20European%20Laika.jpg
http://www.wikidata.org/entity/Q37570,Рыжий бретонский бассет,http://commons.wikimedia.org/wiki/Special:FilePath/Basset%20Fauve%20de%20Bretagne%20600.jpg
http://www.wikidata.org/entity/Q38431,Рэт-терьер,http://commons.wikimedia.org/wiki/Special:FilePath/AmRatTerr11%20fx%20wb.jpg
http://www.wikidata.org/entity/Q5401146,Рюкю,http://commons.wikimedia.org/wiki/Special:FilePath/Ryukyu%20dog%20pair.jpg
http://www.wikidata.org/entity/Q39126,Сабуесо эспаньол,http://commons.wikimedia.org/wiki/Special:FilePath/Angoi%20de%20A%20Fonsagrada.JPG
http://www.wikidata.org/entity/Q39108,Салюки,http://commons.wikimedia.org/wiki/Special:FilePath/Red%20Smooth%20Saluki.jpg
http://www.wikidata.org/entity/Q39002,Самоедская собака,http://commons.wikimedia.org/wiki/Special:FilePath/Samojed00.jpg
http://www.wikidata.org/entity/Q39113,Северная Инуитская собака,http://commons.wikimedia.org/wiki/Special:FilePath/Northern%20Inuit%20Dog.jpg
http://www.wikidata.org/entity/Q39315,Сиба-ину,http://commons.wikimedia.org/wiki/Special:FilePath/Shiba%20inu%20taiki.jpg
http://www.wikidata.org/entity/Q39147,Сикоку,http://commons.wikimedia.org/wiki/Special:FilePath/Shikoku%20dog.jpg
http://www.wikidata.org/entity/Q39068,Силихем-терьер,http://commons.wikimedia.org/wiki/Special:FilePath/SealyhamTerrier01.jpg
http://www.wikidata.org/entity/Q39052,Скайтерьер,http://commons.wikimedia.org/wiki/Special:FilePath/Skye%20terrier%20800.jpg
http://www.wikidata.org/entity/Q39210,Словацкая грубошёрстная легавая,http://commons.wikimedia.org/wiki/Special:FilePath/Bella%20z%20Milhostovskych%20poli.jpg
http://www.wikidata.org/entity/Q38102,Словацкий копов,http://commons.wikimedia.org/wiki/Special:FilePath/MVP%20Nitra%202004%20%288%29.jpg
http://www.wikidata.org/entity/Q38963,Словацкий чувач,http://commons.wikimedia.org/wiki/Special:FilePath/Cuvac%201.jpg
http://www.wikidata.org/entity/Q37925,Слугги,http://commons.wikimedia.org/wiki/Special:FilePath/Sloughi.jpg
http://www.wikidata.org/entity/Q38738,Смоландская гончая,http://commons.wikimedia.org/wiki/Special:FilePath/Smaland-St%C3%B6vare.jpg
http://www.wikidata.org/entity/Q12206278,Собаки-парии,http://commons.wikimedia.org/wiki/Special:FilePath/Borneo%20dogs%20feeding.jpg
http://www.wikidata.org/entity/Q37645,Средний вандейский гриффон,http://commons.wikimedia.org/wiki/Special:FilePath/Briquet%20Griffon%20Vendeen.jpg
http://www.wikidata.org/entity/Q39192,Стабихун,http://commons.wikimedia.org/wiki/Special:FilePath/Frisianstaby.jpg
http://www.wikidata.org/entity/Q38168,Староанглийский бульдог,http://commons.wikimedia.org/wiki/Special:FilePath/Olde%20English%20Bulldogge%20Crop.jpg
http://www.wikidata.org/entity/Q1800312,Староанглийский терьер,http://commons.wikimedia.org/wiki/Special:FilePath/A%20black%20and%20tan%20terrier.%20Wood%20engraving.%20Wellcome%20V0021863.jpg
http://www.wikidata.org/entity/Q37494,Стародатский пойнтер,http://commons.wikimedia.org/wiki/Special:FilePath/Wy%C5%BCe%C5%82%20du%C5%84ski%20123.jpg
http://www.wikidata.org/entity/Q39285,Стаффордширский бультерьер,http://commons.wikimedia.org/wiki/Special:FilePath/Staffie.jpg
http://www.wikidata.org/entity/Q39138,Суссекс-спаниель,http://commons.wikimedia.org/wiki/Special:FilePath/Sussex%20spaniel%20t43.jpg
http://www.wikidata.org/entity/Q38092,Тазы,http://commons.wikimedia.org/wiki/Special:FilePath/Chart%20%C5%9Brodkowoazjatycki%20Zeila.jpg
http://www.wikidata.org/entity/Q29212,Тайваньская собака,http://commons.wikimedia.org/wiki/Special:FilePath/Formosan%20nina.jpg
http://www.wikidata.org/entity/Q39239,Тайган,http://commons.wikimedia.org/wiki/Special:FilePath/Tajgan%20MB%20002.jpg
http://www.wikidata.org/entity/Q37880,Тайский бангку,http://commons.wikimedia.org/wiki/Special:FilePath/Thai%20Bangkaew%20Dog%202.jpg
http://www.wikidata.org/entity/Q39172,Тайский риджбек,http://commons.wikimedia.org/wiki/Special:FilePath/Thai-Ridgeback.jpg
http://www.wikidata.org/entity/Q39412,Тедди Рузвельт терьер,http://commons.wikimedia.org/wiki/Special:FilePath/Adult%20Male%20Teddy%20Roosevelt%20Terrier.jpg
http://www.wikidata.org/entity/Q37464,Теломиан,http://commons.wikimedia.org/wiki/Special:FilePath/Telomian.jpg
http://www.wikidata.org/entity/Q39185,Тентерфилд-терьер,http://commons.wikimedia.org/wiki/Special:FilePath/Rosie%20the%20Champion%20Tenterfield%20Terrier.jpg
http://www.wikidata.org/entity/Q38679,Тервюрен (порода собак),http://commons.wikimedia.org/wiki/Special:FilePath/Tervuren.jpg
http://www.wikidata.org/entity/Q9356247,Течичи,http://commons.wikimedia.org/wiki/Special:FilePath/Colima%20-%20Dog%20Effigy%20-%20Walters%2020092051%20-%20Three%20Quarter%20Front.jpg
http://www.wikidata.org/entity/Q39181,Тибетский спаниель,http://commons.wikimedia.org/wiki/Special:FilePath/Tibetansk%20spaniel.jpg
http://www.wikidata.org/entity/Q38796,Тибетский терьер,http://commons.wikimedia.org/wiki/Special:FilePath/Tibetan%20Terrier%20Image%20001.jpg
http://www.wikidata.org/entity/Q37510,Той-фокстерьер,http://commons.wikimedia.org/wiki/Special:FilePath/Toy%20Fox%20Terrier%202.jpg
http://www.wikidata.org/entity/Q39133,Торньяк,http://commons.wikimedia.org/wiki/Special:FilePath/Bosniantornjak.jpg
http://www.wikidata.org/entity/Q38991,Тоса-ину,http://commons.wikimedia.org/wiki/Special:FilePath/Bukadai.jpg
http://www.wikidata.org/entity/Q38394,Трансильванская гончая,http://commons.wikimedia.org/wiki/Special:FilePath/Erdelyi%20kopo%20VadaszNimrodSzeder01.jpg
http://www.wikidata.org/entity/Q39122,Уиппет,http://commons.wikimedia.org/wiki/Special:FilePath/Whippet%20stacked.jpg
http://www.wikidata.org/entity/Q37644,Уругвайский симаррон,http://commons.wikimedia.org/wiki/Special:FilePath/PERRO%20CIMARRON.jpg
http://www.wikidata.org/entity/Q39278,Уэльская овчарка,http://commons.wikimedia.org/wiki/Special:FilePath/Welsh%20Sheepdog.jpg
http://www.wikidata.org/entity/Q39254,Фален,http://commons.wikimedia.org/wiki/Special:FilePath/Spaniel%20miniaturowy%20kontynentalny%20phalene%2000.jpg
http://www.wikidata.org/entity/Q38808,Фараонова собака,http://commons.wikimedia.org/wiki/Special:FilePath/Pies%20faraona%20e34.jpg
http://www.wikidata.org/entity/Q39083,Фарфоровая гончая,http://commons.wikimedia.org/wiki/Special:FilePath/Porcelaine.jpg
http://www.wikidata.org/entity/Q39083,Фарфоровая гончая,http://commons.wikimedia.org/wiki/Special:FilePath/Porcelaine%202009%20pl4.jpg
http://www.wikidata.org/entity/Q29177,Филд-спаниель,http://commons.wikimedia.org/wiki/Special:FilePath/Field%20spaniel%20581.jpg
http://www.wikidata.org/entity/Q37840,Финская гончая,http://commons.wikimedia.org/wiki/Special:FilePath/Nuori-suomenajokoira.jpg
http://www.wikidata.org/entity/Q29188,Финский лаппхунд,http://commons.wikimedia.org/wiki/Special:FilePath/Finselappenhond%20louhi-no%20watermark.jpg
http://www.wikidata.org/entity/Q29195,Финский шпиц,http://commons.wikimedia.org/wiki/Special:FilePath/Finnish%20Spitz%20600.jpg
http://www.wikidata.org/entity/Q37896,Фландрский бувье,http://commons.wikimedia.org/wiki/Special:FilePath/Bouvier.JPG
http://www.wikidata.org/entity/Q29149,Французский бульдог,http://commons.wikimedia.org/wiki/Special:FilePath/%D0%A4%D1%80%D0%B0%D0%BD%D1%86%D1%83%D0%B7%D1%81%D0%BA%D0%B8%D0%B5%20%D0%B1%D1%83%D0%BB%D1%8C%D0%B4%D0%BE%D0%B3%D0%B8%202013-09-02%2011-36.JPG
http://www.wikidata.org/entity/Q29160,Французский спаниель,http://commons.wikimedia.org/wiki/Special:FilePath/Epagneulfrancais.jpg
http://www.wikidata.org/entity/Q38602,Ханаанская собака,http://commons.wikimedia.org/wiki/Special:FilePath/CanaanDogChakede1.jpg
http://www.wikidata.org/entity/Q38107,Харьер,http://commons.wikimedia.org/wiki/Special:FilePath/Harrier%20tricolour.jpg
http://www.wikidata.org/entity/Q4353804,Хеллефорсхунд,http://commons.wikimedia.org/wiki/Special:FilePath/Hades%20Mosshult%20H%C3%A4lleforsare.jpg
http://www.wikidata.org/entity/Q38368,Ховаварт,http://commons.wikimedia.org/wiki/Special:FilePath/Dog%20Hovavart.jpg
http://www.wikidata.org/entity/Q23853,Хоккайдо,http://commons.wikimedia.org/wiki/Special:FilePath/Hokkaido%2002.jpg
http://www.wikidata.org/entity/Q38537,Хорватская овчарка,http://commons.wikimedia.org/wiki/Special:FilePath/GeraHojda09112055ZG.jpeg
http://www.wikidata.org/entity/Q37678,Хортая борзая,http://commons.wikimedia.org/wiki/Special:FilePath/Hortaya%20Borzaya.jpg
http://www.wikidata.org/entity/Q29084,Чесапик бэй ретривер,http://commons.wikimedia.org/wiki/Special:FilePath/Chesapeake%20Bay%20Retriever1.jpg
http://www.wikidata.org/entity/Q29084,Чесапик бэй ретривер,http://commons.wikimedia.org/wiki/Special:FilePath/Chesapeakebayretriever01-l.jpg
http://www.wikidata.org/entity/Q38651,Чехословацкая волчья собака,http://commons.wikimedia.org/wiki/Special:FilePath/TWH-jolly.JPG
http://www.wikidata.org/entity/Q37746,Чешская пастушья собака,http://commons.wikimedia.org/wiki/Special:FilePath/OREADY%20KROSANDRA%20%2814%29.JPG
http://www.wikidata.org/entity/Q37746,Чешская пастушья собака,http://commons.wikimedia.org/wiki/Special:FilePath/OREADY%20KROSANDRA%20%2815%29.JPG
http://www.wikidata.org/entity/Q38642,Чешский терьер,http://commons.wikimedia.org/wiki/Special:FilePath/Cesky-Terier.jpg
http://www.wikidata.org/entity/Q37722,Чинук,http://commons.wikimedia.org/wiki/Special:FilePath/Mountan%20Laurel%20Ajax%20the%20Chinook%20dog.jpg
http://www.wikidata.org/entity/Q38262,Чирнеко дель Этна,http://commons.wikimedia.org/wiki/Special:FilePath/Cirneco%20dell%20Etna%20611.jpg
http://www.wikidata.org/entity/Q38440,Чукотская ездовая,http://commons.wikimedia.org/wiki/Special:FilePath/Die%20Gartenlaube%20%281882%29%20b%20829.jpg
http://www.wikidata.org/entity/Q37537,Чёрно-подпалый кунхаунд,http://commons.wikimedia.org/wiki/Special:FilePath/Black%20and%20Tan%20Coonhound.jpg
http://www.wikidata.org/entity/Q38634,Чёрный терьер,http://commons.wikimedia.org/wiki/Special:FilePath/Malahovkaja%20Serenada.jpg
http://www.wikidata.org/entity/Q38634,Чёрный терьер,http://commons.wikimedia.org/wiki/Special:FilePath/Russianblack.jpg
http://www.wikidata.org/entity/Q39157,Шапендуа,http://commons.wikimedia.org/wiki/Special:FilePath/Schapendoes.jpg
http://www.wikidata.org/entity/Q39408,Шарпланинская овчарка,http://commons.wikimedia.org/wiki/Special:FilePath/Sarplaninac%20Urok1007.jpg
http://www.wikidata.org/entity/Q4356976,Шведский белый элкхунд,http://commons.wikimedia.org/wiki/Special:FilePath/Arctic%20Dog.jpg
http://www.wikidata.org/entity/Q39075,Шведский вальхунд,http://commons.wikimedia.org/wiki/Special:FilePath/SwedishVallhundAgility%20wb.jpg
http://www.wikidata.org/entity/Q39130,Шведский лаппхунд,http://commons.wikimedia.org/wiki/Special:FilePath/Svensk%20lapphund.JPG
http://www.wikidata.org/entity/Q38975,Швейцарская гончая,http://commons.wikimedia.org/wiki/Special:FilePath/Vycvik%20Stopy%20%283%29.JPG
http://www.wikidata.org/entity/Q39207,Шелковистый виндхаунд,http://commons.wikimedia.org/wiki/Special:FilePath/Fallon%20the%20Silken%20Windhound.jpg
http://www.wikidata.org/entity/Q39058,Шелти,http://commons.wikimedia.org/wiki/Special:FilePath/ShetlandShpdogBlue2%20wb.jpg
http://www.wikidata.org/entity/Q39357,Ши-тцу,http://commons.wikimedia.org/wiki/Special:FilePath/Shih%20Tzu%20portrait%20show%20dog.jpg
http://www.wikidata.org/entity/Q39010,Шипперке,http://commons.wikimedia.org/wiki/Special:FilePath/Schipperke0001.jpg
http://www.wikidata.org/entity/Q39010,Шипперке,http://commons.wikimedia.org/wiki/Special:FilePath/Schipperke1.jpg
http://www.wikidata.org/entity/Q38301,Шотландский сеттер,http://commons.wikimedia.org/wiki/Special:FilePath/Orrvilas%20enska%20w800px.jpg
http://www.wikidata.org/entity/Q39035,Шотландский терьер,http://commons.wikimedia.org/wiki/Special:FilePath/Scotish%20terrier%20burleska%202005.jpg
http://www.wikidata.org/entity/Q113957592,Шьен партиколор а пуаль фризе,http://commons.wikimedia.org/wiki/Special:FilePath/Pudel%20Zwerg%20Blackandtan.jpg
http://www.wikidata.org/entity/Q37986,Энтлебухер зенненхунд,http://commons.wikimedia.org/wiki/Special:FilePath/Entlebucher.jpg
http://www.wikidata.org/entity/Q37986,Энтлебухер зенненхунд,http://commons.wikimedia.org/wiki/Special:FilePath/Entlebucher%20sennenhond.jpg
http://www.wikidata.org/entity/Q38156,Эпаньол бретон,http://commons.wikimedia.org/wiki/Special:FilePath/American%20Brittany%20standing.jpg
http://www.wikidata.org/entity/Q37617,Эрдельтерьер,http://commons.wikimedia.org/wiki/Special:FilePath/Airedale%20Terrier.jpg
http://www.wikidata.org/entity/Q38729,Эстонская гончая,http://commons.wikimedia.org/wiki/Special:FilePath/Go%C5%84czy%20esto%C5%84ski%20MB%2001.jpg
http://www.wikidata.org/entity/Q38096,Эштрельская овчарка,http://commons.wikimedia.org/wiki/Special:FilePath/Estrela%20Mountain%20Dog%206%20month%20old%20male.jpg
http://www.wikidata.org/entity/Q38546,Южнорусская овчарка,http://commons.wikimedia.org/wiki/Special:FilePath/South%20Russian%20Ovcharka.jpg
http://www.wikidata.org/entity/Q38038,Юрская гончая,http://commons.wikimedia.org/wiki/Special:FilePath/09057110%20Jura%20Laufhund.jpg
http://www.wikidata.org/entity/Q38020,Якутская лайка,http://commons.wikimedia.org/wiki/Special:FilePath/618736210a13.jpg
http://www.wikidata.org/entity/Q38105,Ямтхунд,http://commons.wikimedia.org/wiki/Special:FilePath/Jamthlnd.jpg
http://www.wikidata.org/entity/Q37976,Японский терьер,http://commons.wikimedia.org/wiki/Special:FilePath/Japanese%20Terrier%2022.04.2012%202pl.jpg
http://www.wikidata.org/entity/Q38146,Японский хин,http://commons.wikimedia.org/wiki/Special:FilePath/Japanese%20Chin%20adult.jpg
http://www.wikidata.org/entity/Q38126,Японский шпиц,http://commons.wikimedia.org/wiki/Special:FilePath/JapaneseSpitzPhoto1%20-%20hiro.jpg
http://www.wikidata.org/entity/Q37604,американский бульдог,http://commons.wikimedia.org/wiki/Special:FilePath/BUCKEYE%202010%20ANCHOR%20BULLY%20RASCALZ.jpg
http://www.wikidata.org/entity/Q37604,американский бульдог,http://commons.wikimedia.org/wiki/Special:FilePath/Warrior%20American%20Bulldog%20puppy.jpg
http://www.wikidata.org/entity/Q37612,американский питбультерьер,http://commons.wikimedia.org/wiki/Special:FilePath/American%20Pitbull%20001.jpg
http://www.wikidata.org/entity/Q37688,американский стаффордширский терьер,http://commons.wikimedia.org/wiki/Special:FilePath/AMERICAN%20STAFFORDSHIRE%20TERRIER%2C%20Zican%E2%80%99s%20Bz%20Ez%20Dragon%20%2824208348891%29.2.jpg
http://www.wikidata.org/entity/Q38383,английский бульдог,http://commons.wikimedia.org/wiki/Special:FilePath/Racib%C3%B3rz%202007%20082.jpg
http://www.wikidata.org/entity/Q38418,английский мастиф,http://commons.wikimedia.org/wiki/Special:FilePath/Mastif%20angielski%20pregowany%20nn.jpg
http://www.wikidata.org/entity/Q37909,аргентинский дог,http://commons.wikimedia.org/wiki/Special:FilePath/0Dogo-argentino-22122251920.jpg
http://www.wikidata.org/entity/Q37909,аргентинский дог,http://commons.wikimedia.org/wiki/Special:FilePath/Dogo%20Argentino%20-Argentijnse%20dog%2014-04-2010%2017-00-50.jpg
http://www.wikidata.org/entity/Q2887401,бассеты,http://commons.wikimedia.org/wiki/Special:FilePath/Basset%20Art%C3%A9sien%20Normand%20Fond%20Blanc.jpg
http://www.wikidata.org/entity/Q37582,бедлингтон-терьер,http://commons.wikimedia.org/wiki/Special:FilePath/Bedlington%20terrier.jpeg
http://www.wikidata.org/entity/Q38945,беспородная собака,http://commons.wikimedia.org/wiki/Special:FilePath/Mutt%20dog.%20%E2%80%9CCanis%20lupus%20familiaris%E2%80%9D%2001.jpg
http://www.wikidata.org/entity/Q37704,бобтейл,http://commons.wikimedia.org/wiki/Special:FilePath/Bobtail.JPG
http://www.wikidata.org/entity/Q38080,бульмастиф,http://commons.wikimedia.org/wiki/Special:FilePath/Dog%20Bullmastiff%20600.jpg
http://www.wikidata.org/entity/Q38322,бультерьер,http://commons.wikimedia.org/wiki/Special:FilePath/Bullterier%20089%20LM.jpg
http://www.wikidata.org/entity/Q37589,бурбуль,http://commons.wikimedia.org/wiki/Special:FilePath/Boerboel.jpg
http://www.wikidata.org/entity/Q38871,венгерская борзая,http://commons.wikimedia.org/wiki/Special:FilePath/HungarianGreyhound.jpg
http://www.wikidata.org/entity/Q38787,гладкошёрстный фокстерьер,http://commons.wikimedia.org/wiki/Special:FilePath/Terrier%20mix%20sh%20klaas.jpg
http://www.wikidata.org/entity/Q38287,джек-рассел-терьер,http://commons.wikimedia.org/wiki/Special:FilePath/Jack%20Russell%20Terrier%201.jpg
http://www.wikidata.org/entity/Q37939,испанский мастиф,http://commons.wikimedia.org/wiki/Special:FilePath/Mast%C3%ADn%20espa%C3%B1ol%2C%20l%C3%ADnea%20original%20de%20trabajo.%2004.jpg
http://www.wikidata.org/entity/Q37939,испанский мастиф,http://commons.wikimedia.org/wiki/Special:FilePath/Mastspagn3.jpg
http://www.wikidata.org/entity/Q37888,кернтерьер,http://commons.wikimedia.org/wiki/Special:FilePath/Cairn-Terrier-Garten1.jpg
http://www.wikidata.org/entity/Q38025,керри-блю-терьер,http://commons.wikimedia.org/wiki/Special:FilePath/Kerry%20Blue%20Terrier.jpg
http://www.wikidata.org/entity/Q38856,ксолоитцкуинтли,http://commons.wikimedia.org/wiki/Special:FilePath/XoloLarge1.jpg
http://www.wikidata.org/entity/Q38494,малинуа,http://commons.wikimedia.org/wiki/Special:FilePath/Grupp%201%2C%20BELGISK%20VALLHUND%2C%20MALINOIS%2C%20Krokasmedens%20Epic%20%2824014622180%29.jpg
http://www.wikidata.org/entity/Q38494,малинуа,http://commons.wikimedia.org/wiki/Special:FilePath/HMKC%20Christmas%20Fun%20Run%202012%20%288265428196%29.jpg
http://www.wikidata.org/entity/Q39605,миттельшнауцер,http://commons.wikimedia.org/wiki/Special:FilePath/Emppumenossa.jpg
http://www.wikidata.org/entity/Q38698,мопс,http://commons.wikimedia.org/wiki/Special:FilePath/2.5-year-old%20fawn%20male%20pug.jpg
http://www.wikidata.org/entity/Q38691,нагази,http://commons.wikimedia.org/wiki/Special:FilePath/Georgia%20Shepherd.jpg
http://www.wikidata.org/entity/Q38691,нагази,http://commons.wikimedia.org/wiki/Special:FilePath/Georgian%20Shepherd%20At%20The%20Vine.jpg
http://www.wikidata.org/entity/Q38529,неаполитанский мастиф,http://commons.wikimedia.org/wiki/Special:FilePath/Mastino%20sylwetka.jpg
http://www.wikidata.org/entity/Q37824,немецкий вахтельхунд,http://commons.wikimedia.org/wiki/Special:FilePath/Deutscher%20Wachtel%202.jpg
http://www.wikidata.org/entity/Q38934,норвич-терьер,http://commons.wikimedia.org/wiki/Special:FilePath/Norwichterrier.jpg
http://www.wikidata.org/entity/Q5429,польский харт,http://commons.wikimedia.org/wiki/Special:FilePath/Chart%20polski%2067u7.jpg
http://www.wikidata.org/entity/Q37844,понт-одемерский спаниель,http://commons.wikimedia.org/wiki/Special:FilePath/04031158%20Epagneul%20Pont%20Audemer.jpg
http://www.wikidata.org/entity/Q38904,пудель,http://commons.wikimedia.org/wiki/Special:FilePath/AKC%20Helena%20Fall%20Dog%20Show%202011%20%286187041897%29.jpg
http://www.wikidata.org/entity/Q38904,пудель,http://commons.wikimedia.org/wiki/Special:FilePath/Poodle%20Medium%20black.jpg
http://www.wikidata.org/entity/Q29174,пхунсан,http://commons.wikimedia.org/wiki/Special:FilePath/Poongsandogs.JPG
http://www.wikidata.org/entity/Q37866,русская псовая борзая,http://commons.wikimedia.org/wiki/Special:FilePath/Borzoi%20female.jpg
http://www.wikidata.org/entity/Q38090,сенбернар,http://commons.wikimedia.org/wiki/Special:FilePath/Rey%20nieve.jpg
http://www.wikidata.org/entity/Q39295,сибирский хаски,http://commons.wikimedia.org/wiki/Special:FilePath/Siberian%20Husky%20-%20Mika.jpg
http://www.wikidata.org/entity/Q29099,такса,http://commons.wikimedia.org/wiki/Special:FilePath/MiniDachshund1%20wb.jpg
http://www.wikidata.org/entity/Q39322,тибетский мастиф,http://commons.wikimedia.org/wiki/Special:FilePath/2013%20Westminster%20Kennel%20Club%20Dog%20Show-%20Tibetan%20Mastiff%20GCH%20Sierras%27Sasha-Yakone%20Nanuk%20%288469240739%29%20%28cropped%29.jpg
http://www.wikidata.org/entity/Q39220,фокстерьер,http://commons.wikimedia.org/wiki/Special:FilePath/01%20Wire%20Fox%20terrier.jpg
http://www.wikidata.org/entity/Q38999,цвергшнауцер,http://commons.wikimedia.org/wiki/Special:FilePath/%D0%9F%D0%B8%D1%82%D0%BE%D0%BC%D0%BD%D0%B8%D0%BA%20%22%D0%90%D1%81%D1%81%D0%BE%D0%BD%20%D0%90%D1%80%D0%B8%22%20%D0%A6%D0%B2%D0%B5%D1%80%D0%B3%D1%88%D0%BD%D0%B0%D1%83%D1%86%D0%B5%D1%80%D1%8B%20%D0%B1%D0%B5%D0%BB%D1%8B%D0%B5%20%D0%B8%20%D1%87%D0%B5%D1%80%D0%BD%D1%8B%D0%B5%20%D1%81%20%D1%81%D0%B5%D1%80%D0%B5%D0%B1%D1%80%D0%BE%D0%BC%2012.jpg
http://www.wikidata.org/entity/Q29013,чау-чау,http://commons.wikimedia.org/wiki/Special:FilePath/01%20Chow%20Chow.jpg
http://www.wikidata.org/entity/Q653,чихуахуа,http://commons.wikimedia.org/wiki/Special:FilePath/Chihuahuas-%20Holly%2C%20Nina%2C%20Doralice.jpg
http://www.wikidata.org/entity/Q38972,шарпей,http://commons.wikimedia.org/wiki/Special:FilePath/Shar%20pei.jpg
